gold_id,conversation_id,sample_stratum,message,context,system,predicted_intent,intent_confidence,predicted_route,escalation_reason,draft_reply,evidence,generator,routing_threshold,label_provenance
SPOT-006,547201,representative,@user you guys should update your app so we can clear recently played list faster instead one by one 😒😒 #lame <URL>,,trivial,billing_subscription,0.28,ESCALATE,always_human_baseline,Thanks for reaching out. A support specialist will take a look.,[],fixed,,assistant_draft
SPOT-006,547201,representative,@user you guys should update your app so we can clear recently played list faster instead one by one 😒😒 #lame <URL>,,simple,product_feedback,0.6981,AUTO_HANDLE,none,We can see how that’d be handy. Thanks for taking the time to reach out – your feedback's been noted 📝,"[{""pair_id"": ""1635379"", ""conversation_id"": ""1635378"", ""message"": ""You should add the option to see our most played songs @user"", ""reply"": ""We can see how that’d be handy. Thanks for taking the time to reach out – your feedback's been noted 📝"", ""similarity"": 0.2524, ""quality"": 0.1983, ""weak_intent"": ""product_feedback""}]",top1_copy,0.48,assistant_draft
SPOT-006,547201,representative,@user you guys should update your app so we can clear recently played list faster instead one by one 😒😒 #lame <URL>,,main,product_feedback,0.6981,AUTO_HANDLE,none,Thanks for the thoughtful feedback. I’ve captured the use case clearly so the product team can review it.,"[{""pair_id"": ""1635379"", ""conversation_id"": ""1635378"", ""message"": ""You should add the option to see our most played songs @user"", ""reply"": ""We can see how that’d be handy. Thanks for taking the time to reach out – your feedback's been noted 📝"", ""similarity"": 0.2524, ""quality"": 0.1983, ""weak_intent"": ""product_feedback""}, {""pair_id"": ""2211027"", ""conversation_id"": ""2211026"", ""message"": ""@user can you plz update your app for the iPhone 10"", ""reply"": ""Hey! We hope you vote for this neat idea at <historical-link> Let us know if you need anything else 🙂"", ""similarity"": 0.252, ""quality"": 0.1964, ""weak_intent"": ""product_feedback""}, {""pair_id"": ""1337467"", ""conversation_id"": ""1337466"", ""message"": ""it's been one year and no update 😭 @user <URL>"", ""reply"": ""Hey Julia! We have more info on this here: <historical-link> We hope this helps"", ""similarity"": 0.253, ""quality"": 0.1536, ""weak_intent"": ""product_feedback""}]",deterministic_fallback,0.48,assistant_draft
SPOT-007,83672,representative,sometimes i wonder what kind of algorithm @user uses to create my weekly playlist... you've once again put some weird stuff together guys,,trivial,billing_subscription,0.28,ESCALATE,always_human_baseline,Thanks for reaching out. A support specialist will take a look.,[],fixed,,assistant_draft
SPOT-007,83672,representative,sometimes i wonder what kind of algorithm @user uses to create my weekly playlist... you've once again put some weird stuff together guys,,simple,playlist_library,0.9,AUTO_HANDLE,none,"Hey! What's happening exactly? If you could let us know the device, operating system, and Spotify version you're using, that'd be great","[{""pair_id"": ""2317766"", ""conversation_id"": ""2317765"", ""message"": ""@user Your shuffle algorithm is shit, get it together please"", ""reply"": ""Hey! What's happening exactly? If you could let us know the device, operating system, and Spotify version you're using, that'd be great"", ""similarity"": 0.3613, ""quality"": 0.2625, ""weak_intent"": ""playlist_library""}]",top1_copy,0.48,assistant_draft
SPOT-007,83672,representative,sometimes i wonder what kind of algorithm @user uses to create my weekly playlist... you've once again put some weird stuff together guys,,main,playlist_library,0.9,AUTO_HANDLE,none,"I can help with that. Which device are you using, and does the same playlist or library issue appear in the web player?","[{""pair_id"": ""2317766"", ""conversation_id"": ""2317765"", ""message"": ""@user Your shuffle algorithm is shit, get it together please"", ""reply"": ""Hey! What's happening exactly? If you could let us know the device, operating system, and Spotify version you're using, that'd be great"", ""similarity"": 0.3613, ""quality"": 0.2625, ""weak_intent"": ""playlist_library""}, {""pair_id"": ""1872485"", ""conversation_id"": ""1872484"", ""message"": ""@user Fix your algorithm on Discover Weekly and Release Radar. It's kinda suck now."", ""reply"": ""Your Discover Weekly and Release Radar should improve the more you use Spotify. Keep adding your fav tracks to Your Library/playlists 🙂"", ""similarity"": 0.292, ""quality"": 0.2625, ""weak_intent"": ""playlist_library""}, {""pair_id"": ""2275427"", ""conversation_id"": ""2275425"", ""message"": ""When I'm on a playlist and I try to shuffle it only shuffles by artist and not by song. It's like some weird algorithm that @user has. Are there solutions to that or what's the deal"", ""reply"": ""Hey! We’ve made some improvements to our shuffle algorithm. We’d love to hear your feedback here: <historical-link>"", ""similarity"": 0.2904, ""quality"": 0.2236, ""weak_intent"": ""playlist_library""}]",deterministic_fallback,0.48,assistant_draft
SPOT-008,64387,representative,@user I used my sim btw,,trivial,billing_subscription,0.28,ESCALATE,always_human_baseline,Thanks for reaching out. A support specialist will take a look.,[],fixed,,assistant_draft
SPOT-008,64387,representative,@user I used my sim btw,,simple,other,0.35,ESCALATE,low_confidence,"1: Hi! We're afraid it's not possible to pay for the student discount using the Pay by Mobile option, but you can use a debit card... 2: to pay for it. Don't worry, we'll pass your feedback on to the right team. Let us know if you have other questions","[{""pair_id"": ""1708805"", ""conversation_id"": ""1708804"", ""message"": ""@user I live in Philippines btw"", ""reply"": ""1: Hi! We're afraid it's not possible to pay for the student discount using the Pay by Mobile option, but you can use a debit card... 2: to pay for it. Don't worry, we'll pass your feedback on to the right team. Let us know if you have other questions"", ""similarity"": 0.2921, ""quality"": 0.35, ""weak_intent"": ""other""}]",top1_copy,0.48,assistant_draft
SPOT-008,64387,representative,@user I used my sim btw,,main,other,0.35,ESCALATE,low_confidence,"Thanks for flagging this. I don’t have enough verified context to resolve it safely here, so I’m escalating it to a support specialist.","[{""pair_id"": ""1708805"", ""conversation_id"": ""1708804"", ""message"": ""@user I live in Philippines btw"", ""reply"": ""1: Hi! We're afraid it's not possible to pay for the student discount using the Pay by Mobile option, but you can use a debit card... 2: to pay for it. Don't worry, we'll pass your feedback on to the right team. Let us know if you have other questions"", ""similarity"": 0.2921, ""quality"": 0.35, ""weak_intent"": ""other""}, {""pair_id"": ""1964580"", ""conversation_id"": ""1964576"", ""message"": ""@user And Oblivion was actually playing btw"", ""reply"": ""Hey Andi! Can you give us more info on what's happening exactly? Also, what device, operating system, and Spotify version are you using?"", ""similarity"": 0.2676, ""quality"": 0.6244, ""weak_intent"": ""other""}, {""pair_id"": ""1817981"", ""conversation_id"": ""1817980"", ""message"": ""Btw hey @user why there is no official app for the apple watch?"", ""reply"": ""Hey there! Check out the official idea and add your vote to let our devs know it's something you'd like to see: <historical-link>"", ""similarity"": 0.2761, ""quality"": 0.4308, ""weak_intent"": ""other""}]",deterministic_fallback,0.48,assistant_draft
SPOT-009,513058,representative,@user That link worked! Thanks!,"Hey Charlie, help's arrived! Does signing up through an incognito/private browser help? You can sign up for the offer here: <historical-link> Let us know how it goes",trivial,billing_subscription,0.28,ESCALATE,always_human_baseline,Thanks for reaching out. A support specialist will take a look.,[],fixed,,assistant_draft
SPOT-009,513058,representative,@user That link worked! Thanks!,"Hey Charlie, help's arrived! Does signing up through an incognito/private browser help? You can sign up for the offer here: <historical-link> Let us know how it goes",simple,other,0.35,ESCALATE,low_confidence,You know where to find us if there's anything else,"[{""pair_id"": ""2395928"", ""conversation_id"": ""2395925"", ""message"": ""@user That worked! Thanks for your patience"", ""reply"": ""<historical-link> You know where to find us if there's anything else"", ""similarity"": 0.5718, ""quality"": 0.1322, ""weak_intent"": ""other""}]",top1_copy,0.48,assistant_draft
SPOT-009,513058,representative,@user That link worked! Thanks!,"Hey Charlie, help's arrived! Does signing up through an incognito/private browser help? You can sign up for the offer here: <historical-link> Let us know how it goes",main,other,0.35,ESCALATE,low_confidence,"Thanks for flagging this. I don’t have enough verified context to resolve it safely here, so I’m escalating it to a support specialist.","[{""pair_id"": ""2395928"", ""conversation_id"": ""2395925"", ""message"": ""@user That worked! Thanks for your patience"", ""reply"": ""<historical-link> You know where to find us if there's anything else"", ""similarity"": 0.5718, ""quality"": 0.1322, ""weak_intent"": ""other""}, {""pair_id"": ""1043595"", ""conversation_id"": ""1043594"", ""message"": ""@user Omg thanks! 🙏"", ""reply"": ""You're welcome! We're always here to lend a helping hand. If you ever need anything else, just shout and we'll come running 🏃"", ""similarity"": 0.3722, ""quality"": 0.2431, ""weak_intent"": ""other""}, {""pair_id"": ""1689799"", ""conversation_id"": ""1689798"", ""message"": ""@user I'm back up. Thanks!"", ""reply"": ""Hey Adam! We're glad to hear it's working. Just let us know if we can help with anything else. <historical-link>"", ""similarity"": 0.3681, ""quality"": 0.2178, ""weak_intent"": ""other""}]",deterministic_fallback,0.48,assistant_draft
SPOT-010,2913818,representative,Has @user been DDOSD or something what the fuck,,trivial,billing_subscription,0.28,ESCALATE,always_human_baseline,Thanks for reaching out. A support specialist will take a look.,[],fixed,,assistant_draft
SPOT-010,2913818,representative,Has @user been DDOSD or something what the fuck,,simple,other,0.35,ESCALATE,low_confidence,"Hey Nina! Fingers crossed we'll be able to have it soon, but there's info about Spotify content here:","[{""pair_id"": ""1944959"", ""conversation_id"": ""1944958"", ""message"": ""@user do something pls"", ""reply"": ""Hey Nina! Fingers crossed we'll be able to have it soon, but there's info about Spotify content here: <historical-link>"", ""similarity"": 0.4765, ""quality"": 0.2314, ""weak_intent"": ""other""}]",top1_copy,0.48,assistant_draft
SPOT-010,2913818,representative,Has @user been DDOSD or something what the fuck,,main,other,0.35,ESCALATE,low_confidence,"Thanks for flagging this. I don’t have enough verified context to resolve it safely here, so I’m escalating it to a support specialist.","[{""pair_id"": ""1944959"", ""conversation_id"": ""1944958"", ""message"": ""@user do something pls"", ""reply"": ""Hey Nina! Fingers crossed we'll be able to have it soon, but there's info about Spotify content here: <historical-link>"", ""similarity"": 0.4765, ""quality"": 0.2314, ""weak_intent"": ""other""}, {""pair_id"": ""634448"", ""conversation_id"": ""634447"", ""message"": ""Fuck you @user"", ""reply"": ""Hey! Don’t worry, we can help. What’s happening exactly? Can you let us know the device/OS you’re using?"", ""similarity"": 0.4079, ""quality"": 0.3822, ""weak_intent"": ""other""}, {""pair_id"": ""2294406"", ""conversation_id"": ""2294405"", ""message"": ""what the fuck .@user <URL>"", ""reply"": ""Hey there! Sorry, we didn't quite catch that. Can you tell us more about what's happening? We'll be waiting for your reply Can you let us know your device, operating system, and Spotify version? We'll see what we can suggest"", ""similarity"": 0.3934, ""quality"": 0.53, ""weak_intent"": ""other""}]",deterministic_fallback,0.48,assistant_draft
SPOT-012,507444,representative,"@user Hello, I signed up for a new account and my username is a bunch of random letters and numbers. Could you please help me set it to the username I want?",,trivial,billing_subscription,0.28,ESCALATE,always_human_baseline,Thanks for reaching out. A support specialist will take a look.,[],fixed,,assistant_draft
SPOT-012,507444,representative,"@user Hello, I signed up for a new account and my username is a bunch of random letters and numbers. Could you please help me set it to the username I want?",,simple,account_access,0.8903,ESCALATE,account_or_security,Hey Luis! Can you DM us your account's email address? We'll take a look backstage /JL,"[{""pair_id"": ""1031952"", ""conversation_id"": ""1031951"", ""message"": ""@user @user I signed up for an account and my username is random letters and numbers. I didn't set my username to that. Any help?"", ""reply"": ""Hey Luis! Can you DM us your account's email address? We'll take a look backstage /JL <historical-link>"", ""similarity"": 0.74, ""quality"": 0.2603, ""weak_intent"": ""account_access""}]",top1_copy,0.48,assistant_draft
SPOT-012,507444,representative,"@user Hello, I signed up for a new account and my username is a bunch of random letters and numbers. Could you please help me set it to the username I want?",,main,account_access,0.8903,ESCALATE,account_or_security,I’m sorry you’re dealing with this. A support specialist should review it securely—please don’t post account or payment details publicly.,"[{""pair_id"": ""1031952"", ""conversation_id"": ""1031951"", ""message"": ""@user @user I signed up for an account and my username is random letters and numbers. I didn't set my username to that. Any help?"", ""reply"": ""Hey Luis! Can you DM us your account's email address? We'll take a look backstage /JL <historical-link>"", ""similarity"": 0.74, ""quality"": 0.2603, ""weak_intent"": ""account_access""}, {""pair_id"": ""1815535"", ""conversation_id"": ""1815534"", ""message"": ""@user why is my Spotify username a bunch of random numbers and letters when I didn't set it to that?"", ""reply"": ""Hey Brandon! Could you DM us your Spotify account's email address? We'll take a look under the hood /BH <historical-link>"", ""similarity"": 0.6505, ""quality"": 0.2953, ""weak_intent"": ""account_access""}, {""pair_id"": ""1243463"", ""conversation_id"": ""1243461"", ""message"": ""@user how do i change my username? It’s a bunch of letters and numbers."", ""reply"": ""Hey there! Can you DM us your account's email address or username? We'll check backstage /AR <historical-link>"", ""similarity"": 0.599, ""quality"": 0.4539, ""weak_intent"": ""account_access""}]",deterministic_fallback,0.48,assistant_draft
SPOT-013,566275,representative,@user @user Why does Spotify on macOS keep opening itself on start up? I have set the advanced setting to No but it keeps resetting itself. Making me mad and I'll switch to Apple Music if this app keeps opening without my permission.,,trivial,billing_subscription,0.28,ESCALATE,always_human_baseline,Thanks for reaching out. A support specialist will take a look.,[],fixed,,assistant_draft
SPOT-013,566275,representative,@user @user Why does Spotify on macOS keep opening itself on start up? I have set the advanced setting to No but it keeps resetting itself. Making me mad and I'll switch to Apple Music if this app keeps opening without my permission.,,simple,content_catalog,0.6934,AUTO_HANDLE,none,Hey! Can you let us know the make/model of your device and the versions of its OS and the Spotify app? We'll see what we can do to help,"[{""pair_id"": ""1855135"", ""conversation_id"": ""1855133"", ""message"": ""@user why does my music keep pausing itself and then turning off the equaliser🤔"", ""reply"": ""Hey! Can you let us know the make/model of your device and the versions of its OS and the Spotify app? We'll see what we can do to help"", ""similarity"": 0.2741, ""quality"": 0.4425, ""weak_intent"": ""content_catalog""}]",top1_copy,0.48,assistant_draft
SPOT-013,566275,representative,@user @user Why does Spotify on macOS keep opening itself on start up? I have set the advanced setting to No but it keeps resetting itself. Making me mad and I'll switch to Apple Music if this app keeps opening without my permission.,,main,content_catalog,0.6934,AUTO_HANDLE,none,Thanks for reporting this. Please share the artist and release name (not account details) so the catalog issue can be checked.,"[{""pair_id"": ""1855135"", ""conversation_id"": ""1855133"", ""message"": ""@user why does my music keep pausing itself and then turning off the equaliser🤔"", ""reply"": ""Hey! Can you let us know the make/model of your device and the versions of its OS and the Spotify app? We'll see what we can do to help"", ""similarity"": 0.2741, ""quality"": 0.4425, ""weak_intent"": ""content_catalog""}, {""pair_id"": ""1853470"", ""conversation_id"": ""1853469"", ""message"": ""spotify updated itself and the app is so laggy and full of bugs how do i cancel my premium n switch to apple music"", ""reply"": ""Hey Kiera, we're sorry to hear about this. Can you DM us your account's email address? We'll look into it /GS <historical-link>"", ""similarity"": 0.3095, ""quality"": 0.3069, ""weak_intent"": ""billing_subscription""}, {""pair_id"": ""2293427"", ""conversation_id"": ""2293426"", ""message"": ""MY SPOTIFY APP ISNT OPENING @user <URL>"", ""reply"": ""Hi Cass! That doesn't sound good. What device and operating system version are you using? Any error messages? A screenshot can be handy"", ""similarity"": 0.2928, ""quality"": 0.4425, ""weak_intent"": ""other""}]",deterministic_fallback,0.48,assistant_draft
SPOT-015,588868,representative,@user Your customer fixed it. Thx,Hey there! Help's here. Can you DM us both your accounts' email addresses or usernames? We'll take a look backstage /PB <historical-link>,trivial,billing_subscription,0.28,ESCALATE,always_human_baseline,Thanks for reaching out. A support specialist will take a look.,[],fixed,,assistant_draft
SPOT-015,588868,representative,@user Your customer fixed it. Thx,Hey there! Help's here. Can you DM us both your accounts' email addresses or usernames? We'll take a look backstage /PB <historical-link>,simple,other,0.35,ESCALATE,low_confidence,"Hi! Yes, don’t worry, we can help. What’s happening exactly? Can you let us know the device/OS you’re using?","[{""pair_id"": ""717620"", ""conversation_id"": ""717618"", ""message"": ""@user customer service?"", ""reply"": ""Hi! Yes, don’t worry, we can help. What’s happening exactly? Can you let us know the device/OS you’re using?"", ""similarity"": 0.4463, ""quality"": 0.39, ""weak_intent"": ""other""}]",top1_copy,0.48,assistant_draft
SPOT-015,588868,representative,@user Your customer fixed it. Thx,Hey there! Help's here. Can you DM us both your accounts' email addresses or usernames? We'll take a look backstage /PB <historical-link>,main,other,0.5882,ESCALATE,low_confidence,"Thanks for flagging this. I don’t have enough verified context to resolve it safely here, so I’m escalating it to a support specialist.","[{""pair_id"": ""717620"", ""conversation_id"": ""717618"", ""message"": ""@user customer service?"", ""reply"": ""Hi! Yes, don’t worry, we can help. What’s happening exactly? Can you let us know the device/OS you’re using?"", ""similarity"": 0.4463, ""quality"": 0.39, ""weak_intent"": ""other""}, {""pair_id"": ""36743"", ""conversation_id"": ""36741"", ""message"": ""@user never mind I fixed it."", ""reply"": ""Hey there, help's here. Just to check, were you able to get your playlists set up like you want? Keep us in the loop"", ""similarity"": 0.4451, ""quality"": 0.2256, ""weak_intent"": ""other""}, {""pair_id"": ""1098983"", ""conversation_id"": ""1098982"", ""message"": ""@user yo I need customer service"", ""reply"": ""Hey Arthur! We've just sent a DM your way. Let's carry on chatting there"", ""similarity"": 0.4494, ""quality"": 0.02, ""weak_intent"": ""other""}]",deterministic_fallback,0.48,assistant_draft
SPOT-018,2815946,representative,ok so Spotify explain. 30 mins no advertising but after clicking on a new playlist there is suddenly another commercial I AM NOT PAYING FOR PREMIUM STOP TRYING @user,,trivial,billing_subscription,0.28,ESCALATE,always_human_baseline,Thanks for reaching out. A support specialist will take a look.,[],fixed,,assistant_draft
SPOT-018,2815946,representative,ok so Spotify explain. 30 mins no advertising but after clicking on a new playlist there is suddenly another commercial I AM NOT PAYING FOR PREMIUM STOP TRYING @user,,simple,playlist_library,0.8716,AUTO_HANDLE,none,Hi there! Thanks for the feedback. We'll be sure to pass it on to the right folks. Give us a shout if you have any other questions,"[{""pair_id"": ""2317489"", ""conversation_id"": ""2317487"", ""message"": ""@user and yes I know this is advertising the trial"", ""reply"": ""Hi there! Thanks for the feedback. We'll be sure to pass it on to the right folks. Give us a shout if you have any other questions"", ""similarity"": 0.3382, ""quality"": 0.2528, ""weak_intent"": ""product_feedback""}]",top1_copy,0.48,assistant_draft
SPOT-018,2815946,representative,ok so Spotify explain. 30 mins no advertising but after clicking on a new playlist there is suddenly another commercial I AM NOT PAYING FOR PREMIUM STOP TRYING @user,,main,playlist_library,0.8716,AUTO_HANDLE,none,"I can help with that. Which device are you using, and does the same playlist or library issue appear in the web player?","[{""pair_id"": ""2317489"", ""conversation_id"": ""2317487"", ""message"": ""@user and yes I know this is advertising the trial"", ""reply"": ""Hi there! Thanks for the feedback. We'll be sure to pass it on to the right folks. Give us a shout if you have any other questions"", ""similarity"": 0.3382, ""quality"": 0.2528, ""weak_intent"": ""product_feedback""}, {""pair_id"": ""2350979"", ""conversation_id"": ""2350977"", ""message"": ""@user since when are there so many commercials on a paid account? What exactly am I paying for? I get 2 commercials after every like 3 songs now."", ""reply"": ""Hey there, that's odd! Can you DM us know your account's email address and username? We'll take a look backstage for you /KL <historical-link>"", ""similarity"": 0.3329, ""quality"": 0.3361, ""weak_intent"": ""account_access""}, {""pair_id"": ""2021931"", ""conversation_id"": ""2021930"", ""message"": ""Stop advertising the country station to me every single action I do @user <URL>"", ""reply"": ""Hey, thanks for your feedback - we'll pass it on. For now, check out <historical-link> if you haven't had a subscription before"", ""similarity"": 0.2902, ""quality"": 0.4269, ""weak_intent"": ""product_feedback""}]",deterministic_fallback,0.48,assistant_draft
SPOT-020,466820,representative,@user can I please get some help,,trivial,billing_subscription,0.28,ESCALATE,always_human_baseline,Thanks for reaching out. A support specialist will take a look.,[],fixed,,assistant_draft
SPOT-020,466820,representative,@user can I please get some help,,simple,other,0.35,ESCALATE,low_confidence,Hey! We've already replied to your DM. Let's continue chatting there,"[{""pair_id"": ""979822"", ""conversation_id"": ""979821"", ""message"": ""@user Can i get some help please"", ""reply"": ""Hey! We've already replied to your DM. Let's continue chatting there"", ""similarity"": 1.0, ""quality"": 0.0122, ""weak_intent"": ""other""}]",top1_copy,0.48,assistant_draft
SPOT-020,466820,representative,@user can I please get some help,,main,other,0.35,ESCALATE,low_confidence,"Thanks for flagging this. I don’t have enough verified context to resolve it safely here, so I’m escalating it to a support specialist.","[{""pair_id"": ""979822"", ""conversation_id"": ""979821"", ""message"": ""@user Can i get some help please"", ""reply"": ""Hey! We've already replied to your DM. Let's continue chatting there"", ""similarity"": 1.0, ""quality"": 0.0122, ""weak_intent"": ""other""}, {""pair_id"": ""962698"", ""conversation_id"": ""962696"", ""message"": ""@user Need some help please"", ""reply"": ""Hi Jay. We've just sent a DM your way. Let's carry on chatting there"", ""similarity"": 0.7658, ""quality"": 0.0122, ""weak_intent"": ""other""}, {""pair_id"": ""917351"", ""conversation_id"": ""917350"", ""message"": ""@user help me please"", ""reply"": ""Hi Devin, sorry for the wait. We've just dropped you a DM. Let's carry on there"", ""similarity"": 0.7154, ""quality"": 0.0336, ""weak_intent"": ""other""}]",deterministic_fallback,0.48,assistant_draft
SPOT-023,560929,representative,"hey @user do you accept payment via debit card? And if so, how do I go about this? I only see the credit card option. Please respond, thank you! 😉",,trivial,billing_subscription,0.28,ESCALATE,always_human_baseline,Thanks for reaching out. A support specialist will take a look.,[],fixed,,assistant_draft
SPOT-023,560929,representative,"hey @user do you accept payment via debit card? And if so, how do I go about this? I only see the credit card option. Please respond, thank you! 😉",,simple,billing_subscription,0.9,ESCALATE,billing_or_refund,Thanks for keeping us in the loop. Can you DM us your account's email address or username? We'll take a look backstage /RH,"[{""pair_id"": ""719818"", ""conversation_id"": ""719817"", ""message"": ""@user Hi the option for payment still for credit card users. I don't see any options for payment by debit card. <URL>"", ""reply"": ""Thanks for keeping us in the loop. Can you DM us your account's email address or username? We'll take a look backstage /RH <historical-link>"", ""similarity"": 0.4612, ""quality"": 0.3322, ""weak_intent"": ""billing_subscription""}]",top1_copy,0.48,assistant_draft
SPOT-023,560929,representative,"hey @user do you accept payment via debit card? And if so, how do I go about this? I only see the credit card option. Please respond, thank you! 😉",,main,billing_subscription,0.9,ESCALATE,billing_or_refund,I’m sorry you’re dealing with this. A support specialist should review it securely—please don’t post account or payment details publicly.,"[{""pair_id"": ""719818"", ""conversation_id"": ""719817"", ""message"": ""@user Hi the option for payment still for credit card users. I don't see any options for payment by debit card. <URL>"", ""reply"": ""Thanks for keeping us in the loop. Can you DM us your account's email address or username? We'll take a look backstage /RH <historical-link>"", ""similarity"": 0.4612, ""quality"": 0.3322, ""weak_intent"": ""billing_subscription""}, {""pair_id"": ""1298044"", ""conversation_id"": ""1298037"", ""message"": ""@user Debit card is not available for Colombia. Only the option for pay with credit card. 😭😭😭😭 <URL>"", ""reply"": ""Can you try entering your card info and check if it goes through? Let us know how it plays out"", ""similarity"": 0.3236, ""quality"": 0.7228, ""weak_intent"": ""billing_subscription""}, {""pair_id"": ""773114"", ""conversation_id"": ""773110"", ""message"": ""@user but there is no option for debit card <URL>"", ""reply"": ""Can you DM us your account's email address or username? We'll see what we can suggest /NQ <historical-link>"", ""similarity"": 0.3635, ""quality"": 0.2681, ""weak_intent"": ""other""}]",deterministic_fallback,0.48,assistant_draft
SPOT-028,2842908,representative,"@user Hi, I recently purchased a new Samsung gear S3 frontier and the Spotify app doesn't let me log in. It says log in failed but I use the same login on my PC and it works. Help!!",,trivial,billing_subscription,0.28,ESCALATE,always_human_baseline,Thanks for reaching out. A support specialist will take a look.,[],fixed,,assistant_draft
SPOT-028,2842908,representative,"@user Hi, I recently purchased a new Samsung gear S3 frontier and the Spotify app doesn't let me log in. It says log in failed but I use the same login on my PC and it works. Help!!",,simple,account_access,0.9,ESCALATE,account_or_security,"Hey, help's here. Can you let us know your account's email address via DM? We'll take a look backstage /NY","[{""pair_id"": ""2023365"", ""conversation_id"": ""2023364"", ""message"": ""@user I had recently purchased spotify premium and had not received it"", ""reply"": ""Hey, help's here. Can you let us know your account's email address via DM? We'll take a look backstage /NY <historical-link>"", ""similarity"": 0.374, ""quality"": 0.3011, ""weak_intent"": ""billing_subscription""}]",top1_copy,0.48,assistant_draft
SPOT-028,2842908,representative,"@user Hi, I recently purchased a new Samsung gear S3 frontier and the Spotify app doesn't let me log in. It says log in failed but I use the same login on my PC and it works. Help!!",,main,account_access,0.9,ESCALATE,account_or_security,I’m sorry you’re dealing with this. A support specialist should review it securely—please don’t post account or payment details publicly.,"[{""pair_id"": ""2023365"", ""conversation_id"": ""2023364"", ""message"": ""@user I had recently purchased spotify premium and had not received it"", ""reply"": ""Hey, help's here. Can you let us know your account's email address via DM? We'll take a look backstage /NY <historical-link>"", ""similarity"": 0.374, ""quality"": 0.3011, ""weak_intent"": ""billing_subscription""}, {""pair_id"": ""235223"", ""conversation_id"": ""235222"", ""message"": ""@user login button on the app doesn't work, help!!"", ""reply"": ""Hi there! Help's here. What exact device/operating system are you currently using?"", ""similarity"": 0.3414, ""quality"": 0.1594, ""weak_intent"": ""account_access""}, {""pair_id"": ""1233738"", ""conversation_id"": ""1233735"", ""message"": ""Hey @user is there going to be a Spotify app for the Samsung Gear 2 in the UK at all? Wanting to get one but only if Spotify will work"", ""reply"": ""Hey there! It isn't currently available, but you can suggest it in our Community at <historical-link> and get support from others"", ""similarity"": 0.3263, ""quality"": 0.4308, ""weak_intent"": ""other""}]",deterministic_fallback,0.48,assistant_draft
SPOT-029,106318,representative,"@user appropriate under the circumstances, e.g., by displaying a prominent notice within the Service or by sending you an email.","Hey Matthew! You can find more info on that here: <historical-link> We appreciate the feedback., and we'll make sure it gets passed on to the right team. If you ever need anything else, just shout and we'll come running 🏃",trivial,billing_subscription,0.28,ESCALATE,always_human_baseline,Thanks for reaching out. A support specialist will take a look.,[],fixed,,assistant_draft
SPOT-029,106318,representative,"@user appropriate under the circumstances, e.g., by displaying a prominent notice within the Service or by sending you an email.","Hey Matthew! You can find more info on that here: <historical-link> We appreciate the feedback., and we'll make sure it gets passed on to the right team. If you ever need anything else, just shout and we'll come running 🏃",simple,other,0.35,ESCALATE,low_confidence,"1: Hi there! We currently don't have telephone support, but we can help out here on Twitter. Can you DM us a screenshot... 2: how that charge appears on your bank statement? Make sure the complete 16 digits of your card isn't visible. We'll take a look /NJ","[{""pair_id"": ""1742003"", ""conversation_id"": ""1742002"", ""message"": ""@user someone is inappropriately using our company credit card on Spotify and you don’t have a phone #"", ""reply"": ""1: Hi there! We currently don't have telephone support, but we can help out here on Twitter. Can you DM us a screenshot... 2: how that charge appears on your bank statement? Make sure the complete 16 digits of your card isn't visible. We'll take a look /NJ <historical-link>"", ""similarity"": 0.2402, ""quality"": 0.41, ""weak_intent"": ""billing_subscription""}]",top1_copy,0.48,assistant_draft
SPOT-029,106318,representative,"@user appropriate under the circumstances, e.g., by displaying a prominent notice within the Service or by sending you an email.","Hey Matthew! You can find more info on that here: <historical-link> We appreciate the feedback., and we'll make sure it gets passed on to the right team. If you ever need anything else, just shout and we'll come running 🏃",main,other,0.3681,ESCALATE,low_confidence,"Thanks for flagging this. I don’t have enough verified context to resolve it safely here, so I’m escalating it to a support specialist.","[{""pair_id"": ""1742003"", ""conversation_id"": ""1742002"", ""message"": ""@user someone is inappropriately using our company credit card on Spotify and you don’t have a phone #"", ""reply"": ""1: Hi there! We currently don't have telephone support, but we can help out here on Twitter. Can you DM us a screenshot... 2: how that charge appears on your bank statement? Make sure the complete 16 digits of your card isn't visible. We'll take a look /NJ <historical-link>"", ""similarity"": 0.2402, ""quality"": 0.41, ""weak_intent"": ""billing_subscription""}, {""pair_id"": ""338735"", ""conversation_id"": ""338735"", ""message"": ""@user none of those answers are appropriate, its a bug ive seen many complain about. so i just have to reinstall & re save every 2 months? cool."", ""reply"": ""We're sorry to hear that. Just to check, have your tried removing your list of offline devices, then doing a quick reinstall?"", ""similarity"": 0.1994, ""quality"": 0.4231, ""weak_intent"": ""other""}, {""pair_id"": ""1876063"", ""conversation_id"": ""1876062"", ""message"": ""Hey @user , if I make a playlist of Blade Runner 2049 songs \""All About That Bass\"" is not a thematically appropriate suggested song."", ""reply"": ""1: Hey Brian, thanks for your feedback! Don't worry, we'll be sure to pass this on to the right folks. In the meantime, to reduce the... 2: number of Suggested Tracks you get, try adding more artists into your playlists. If you need help with anything else, we'll be here"", ""similarity"": 0.213, ""quality"": 0.53, ""weak_intent"": ""playlist_library""}]",deterministic_fallback,0.48,assistant_draft
SPOT-032,2312936,representative,"@user hi. If I buy a Spotify coupon over here in the US, can my dad redeem it in the UK? I want to get him a year’s subscription, but he’s in the UK and I’m in the US.",,trivial,billing_subscription,0.28,ESCALATE,always_human_baseline,Thanks for reaching out. A support specialist will take a look.,[],fixed,,assistant_draft
SPOT-032,2312936,representative,"@user hi. If I buy a Spotify coupon over here in the US, can my dad redeem it in the UK? I want to get him a year’s subscription, but he’s in the UK and I’m in the US.",,simple,billing_subscription,0.7263,ESCALATE,billing_or_refund,We've just sent you a DM 🙂,"[{""pair_id"": ""2549172"", ""conversation_id"": ""2549171"", ""message"": ""@user how much is a year subscription for 2 users in UK ?"", ""reply"": ""We've just sent you a DM 🙂"", ""similarity"": 0.2989, ""quality"": 0.0, ""weak_intent"": ""billing_subscription""}]",top1_copy,0.48,assistant_draft
SPOT-032,2312936,representative,"@user hi. If I buy a Spotify coupon over here in the US, can my dad redeem it in the UK? I want to get him a year’s subscription, but he’s in the UK and I’m in the US.",,main,billing_subscription,0.7263,ESCALATE,billing_or_refund,I’m sorry you’re dealing with this. A support specialist should review it securely—please don’t post account or payment details publicly.,"[{""pair_id"": ""2549172"", ""conversation_id"": ""2549171"", ""message"": ""@user how much is a year subscription for 2 users in UK ?"", ""reply"": ""We've just sent you a DM 🙂"", ""similarity"": 0.2989, ""quality"": 0.0, ""weak_intent"": ""billing_subscription""}, {""pair_id"": ""1149427"", ""conversation_id"": ""1149426"", ""message"": ""Can you change your Spotify subscription"", ""reply"": ""Hey! We've just sent you a DM 🙂"", ""similarity"": 0.2725, ""quality"": 0.0, ""weak_intent"": ""billing_subscription""}, {""pair_id"": ""2294855"", ""conversation_id"": ""2294853"", ""message"": ""@user Want to buy a Spotify Subscription as a gift. Can it be done without buying a gift voucher; Can I gift an actual subscription?"", ""reply"": ""Hi! We're afraid that's not possible, but you can get that lucky person an e-card from the site. Just go to <historical-link>"", ""similarity"": 0.246, ""quality"": 0.4231, ""weak_intent"": ""billing_subscription""}]",deterministic_fallback,0.48,assistant_draft
SPOT-033,468362,representative,@user I am still having issues,,trivial,billing_subscription,0.28,ESCALATE,always_human_baseline,Thanks for reaching out. A support specialist will take a look.,[],fixed,,assistant_draft
SPOT-033,468362,representative,@user I am still having issues,,simple,other,0.35,ESCALATE,low_confidence,"Hi Sebastian, help's here! Could you DM us your account's username and email address? We'll do some digging 🔍","[{""pair_id"": ""6492"", ""conversation_id"": ""6492"", ""message"": ""@user @user i am still having payment issues"", ""reply"": ""Hi Sebastian, help's here! Could you DM us your account's username and email address? We'll do some digging 🔍"", ""similarity"": 0.8363, ""quality"": 0.2719, ""weak_intent"": ""billing_subscription""}]",top1_copy,0.48,assistant_draft
SPOT-033,468362,representative,@user I am still having issues,,main,other,0.35,ESCALATE,low_confidence,"Thanks for flagging this. I don’t have enough verified context to resolve it safely here, so I’m escalating it to a support specialist.","[{""pair_id"": ""6492"", ""conversation_id"": ""6492"", ""message"": ""@user @user i am still having payment issues"", ""reply"": ""Hi Sebastian, help's here! Could you DM us your account's username and email address? We'll do some digging 🔍"", ""similarity"": 0.8363, ""quality"": 0.2719, ""weak_intent"": ""billing_subscription""}, {""pair_id"": ""908514"", ""conversation_id"": ""908514"", ""message"": ""@user @user I am also having issues"", ""reply"": ""Hey Varun, help's here! Could you let us know more about what's going on? We'll gladly lend a hand"", ""similarity"": 0.7683, ""quality"": 0.3706, ""weak_intent"": ""other""}, {""pair_id"": ""1231488"", ""conversation_id"": ""1231487"", ""message"": ""@user I'm still having a issue"", ""reply"": ""Hey! We've just sent a DM your way. Check your Messages"", ""similarity"": 0.7376, ""quality"": 0.1669, ""weak_intent"": ""other""}]",deterministic_fallback,0.48,assistant_draft
SPOT-034,2876107,representative,@user Thank you for a response. We solved it out already. Thanks to your colleague!,Hey JM! Can you DM us the email address linked to each account? We'll take a look backstage 🙂 /KC <historical-link>,trivial,billing_subscription,0.28,ESCALATE,always_human_baseline,Thanks for reaching out. A support specialist will take a look.,[],fixed,,assistant_draft
SPOT-034,2876107,representative,@user Thank you for a response. We solved it out already. Thanks to your colleague!,Hey JM! Can you DM us the email address linked to each account? We'll take a look backstage 🙂 /KC <historical-link>,simple,other,0.35,ESCALATE,low_confidence,This is due to licensing agreements. We'll share your comments to the relevant team. Let us know if you have any other questions,"[{""pair_id"": ""1040183"", ""conversation_id"": ""1040183"", ""message"": ""@user Thanks for the response. But why is there a limit?"", ""reply"": ""This is due to licensing agreements. We'll share your comments to the relevant team. Let us know if you have any other questions"", ""similarity"": 0.4362, ""quality"": 0.2489, ""weak_intent"": ""other""}]",top1_copy,0.48,assistant_draft
SPOT-034,2876107,representative,@user Thank you for a response. We solved it out already. Thanks to your colleague!,Hey JM! Can you DM us the email address linked to each account? We'll take a look backstage 🙂 /KC <historical-link>,main,other,0.6345,ESCALATE,low_confidence,"Thanks for flagging this. I don’t have enough verified context to resolve it safely here, so I’m escalating it to a support specialist.","[{""pair_id"": ""1040183"", ""conversation_id"": ""1040183"", ""message"": ""@user Thanks for the response. But why is there a limit?"", ""reply"": ""This is due to licensing agreements. We'll share your comments to the relevant team. Let us know if you have any other questions"", ""similarity"": 0.4362, ""quality"": 0.2489, ""weak_intent"": ""other""}, {""pair_id"": ""211391"", ""conversation_id"": ""211388"", ""message"": ""@user Thanks for the quick response!"", ""reply"": ""No worries. Could you check if this is also happening with your other games? We'll then see what we can suggest"", ""similarity"": 0.3713, ""quality"": 0.5758, ""weak_intent"": ""other""}, {""pair_id"": ""2215888"", ""conversation_id"": ""2215883"", ""message"": ""@user Thank You"", ""reply"": ""1: No worries! To import your iTunes library, you'll need to open iTunes > go to Preferences > select Advanced > select Share iTunes... 2: Library XML with other applications > pick your device above to import the files to Spotify"", ""similarity"": 0.348, ""quality"": 0.71, ""weak_intent"": ""other""}]",deterministic_fallback,0.48,assistant_draft
SPOT-037,106358,representative,"@user Feature idea: Add your SoundCloud, YouTube etc. links to your Artist Page!",,trivial,billing_subscription,0.28,ESCALATE,always_human_baseline,Thanks for reaching out. A support specialist will take a look.,[],fixed,,assistant_draft
SPOT-037,106358,representative,"@user Feature idea: Add your SoundCloud, YouTube etc. links to your Artist Page!",,simple,product_feedback,0.6434,AUTO_HANDLE,none,It’s great to hear you’re looking to put music on Spotify! You can find all the info you need at,"[{""pair_id"": ""960806"", ""conversation_id"": ""960806"", ""message"": ""@user it's on soundcloud and twt"", ""reply"": ""It’s great to hear you’re looking to put music on Spotify! You can find all the info you need at <historical-link>"", ""similarity"": 0.4242, ""quality"": 0.2217, ""weak_intent"": ""playback_technical""}]",top1_copy,0.48,assistant_draft
SPOT-037,106358,representative,"@user Feature idea: Add your SoundCloud, YouTube etc. links to your Artist Page!",,main,product_feedback,0.6434,AUTO_HANDLE,none,Thanks for the thoughtful feedback. I’ve captured the use case clearly so the product team can review it.,"[{""pair_id"": ""960806"", ""conversation_id"": ""960806"", ""message"": ""@user it's on soundcloud and twt"", ""reply"": ""It’s great to hear you’re looking to put music on Spotify! You can find all the info you need at <historical-link>"", ""similarity"": 0.4242, ""quality"": 0.2217, ""weak_intent"": ""playback_technical""}, {""pair_id"": ""2110135"", ""conversation_id"": ""2110134"", ""message"": ""@user thanks but ill just go ahead and download the soundcloud app"", ""reply"": ""We understand. Sometimes agreements are ongoing or can't be reached with the content provider. We hope to make it available soon"", ""similarity"": 0.3173, ""quality"": 0.4289, ""weak_intent"": ""playback_technical""}, {""pair_id"": ""1601182"", ""conversation_id"": ""1601178"", ""message"": ""@user Happens on everything. Soundcloud is noticeably louder. Nope"", ""reply"": ""Okay. Can you try logging out of Spotify, restarting your device, and logging back in to see if that helps? Keep us posted"", ""similarity"": 0.2582, ""quality"": 0.7772, ""weak_intent"": ""playback_technical""}]",deterministic_fallback,0.48,assistant_draft
SPOT-038,2844609,representative,Hey @user.. I’ve been trying to update my payment for my premium account but every time I hit continue the loading wheel just spins endlessly. Help me out here..,,trivial,billing_subscription,0.28,ESCALATE,always_human_baseline,Thanks for reaching out. A support specialist will take a look.,[],fixed,,assistant_draft
SPOT-038,2844609,representative,Hey @user.. I’ve been trying to update my payment for my premium account but every time I hit continue the loading wheel just spins endlessly. Help me out here..,,simple,billing_subscription,0.9,ESCALATE,billing_or_refund,"Hey Kelli, help's arrived! We've just replied to your DM. Let's carry on chatting there","[{""pair_id"": ""2312370"", ""conversation_id"": ""2312369"", ""message"": ""@user Help @user I am trying to update my payment method for my premium subscription but it’s not going through the wheel just keeps spinning I have been trying for four days...."", ""reply"": ""Hey Kelli, help's arrived! We've just replied to your DM. Let's carry on chatting there"", ""similarity"": 0.3624, ""quality"": 0.0492, ""weak_intent"": ""billing_subscription""}]",top1_copy,0.48,assistant_draft
SPOT-038,2844609,representative,Hey @user.. I’ve been trying to update my payment for my premium account but every time I hit continue the loading wheel just spins endlessly. Help me out here..,,main,billing_subscription,0.9,ESCALATE,billing_or_refund,I’m sorry you’re dealing with this. A support specialist should review it securely—please don’t post account or payment details publicly.,"[{""pair_id"": ""2312370"", ""conversation_id"": ""2312369"", ""message"": ""@user Help @user I am trying to update my payment method for my premium subscription but it’s not going through the wheel just keeps spinning I have been trying for four days...."", ""reply"": ""Hey Kelli, help's arrived! We've just replied to your DM. Let's carry on chatting there"", ""similarity"": 0.3624, ""quality"": 0.0492, ""weak_intent"": ""billing_subscription""}, {""pair_id"": ""2059017"", ""conversation_id"": ""2059016"", ""message"": ""@user Hey I've tried to update my payment and continue my premium subscription but every single card I use doesn't work at all. <URL>"", ""reply"": ""Hey there! Help's arrived. Can you DM us your account's email address or username? We'll take a look backstage /KM <historical-link>"", ""similarity"": 0.3292, ""quality"": 0.3167, ""weak_intent"": ""billing_subscription""}, {""pair_id"": ""2350985"", ""conversation_id"": ""2350984"", ""message"": ""@user Having issues updating my payment method on both mobile and desktop sites. Progress wheel keeps spinning when I hit \""continue\"". Help?"", ""reply"": ""Hey there! Could you try using an incognito window? Let us know how it goes"", ""similarity"": 0.2892, ""quality"": 0.5058, ""weak_intent"": ""billing_subscription""}]",deterministic_fallback,0.48,assistant_draft
SPOT-039,2917858,representative,@user is down 😫,,trivial,billing_subscription,0.28,ESCALATE,always_human_baseline,Thanks for reaching out. A support specialist will take a look.,[],fixed,,assistant_draft
SPOT-039,2917858,representative,@user is down 😫,,simple,other,0.35,ESCALATE,low_confidence,"Hey! Things should be looking good now, but give our Artist team a shout at  if you still need help 🙂 /N","[{""pair_id"": ""1807095"", ""conversation_id"": ""1807094"", ""message"": ""@user is down ⬇️ #Spotify <URL>"", ""reply"": ""Hey! Things should be looking good now, but give our Artist team a shout at <historical-link> if you still need help 🙂 /N"", ""similarity"": 0.4279, ""quality"": 0.2353, ""weak_intent"": ""other""}]",top1_copy,0.48,assistant_draft
SPOT-039,2917858,representative,@user is down 😫,,main,other,0.35,ESCALATE,low_confidence,"Thanks for flagging this. I don’t have enough verified context to resolve it safely here, so I’m escalating it to a support specialist.","[{""pair_id"": ""1807095"", ""conversation_id"": ""1807094"", ""message"": ""@user is down ⬇️ #Spotify <URL>"", ""reply"": ""Hey! Things should be looking good now, but give our Artist team a shout at <historical-link> if you still need help 🙂 /N"", ""similarity"": 0.4279, ""quality"": 0.2353, ""weak_intent"": ""other""}, {""pair_id"": ""1839491"", ""conversation_id"": ""1839490"", ""message"": ""@user let me down today. :("", ""reply"": ""Hey there. We’re afraid the codes are sent to those who listen to Majid Jordan the most on Spotify. Sorry! We'll pass on your feedback"", ""similarity"": 0.4086, ""quality"": 0.2606, ""weak_intent"": ""other""}, {""pair_id"": ""1737245"", ""conversation_id"": ""1737244"", ""message"": ""@user <URL> seems down in FR"", ""reply"": ""Hi! We've just sent a DM your way. Let's carry on chatting there"", ""similarity"": 0.4163, ""quality"": 0.0044, ""weak_intent"": ""other""}]",deterministic_fallback,0.48,assistant_draft
SPOT-040,2819555,representative,@user trying 2 accept family invite and it keeps saying undefined whoops something went wrong try again. Need assistance. Almost legally blind n it keeps asking on robot to see signs on roads in pictures which I can’t.,,trivial,billing_subscription,0.28,ESCALATE,always_human_baseline,Thanks for reaching out. A support specialist will take a look.,[],fixed,,assistant_draft
SPOT-040,2819555,representative,@user trying 2 accept family invite and it keeps saying undefined whoops something went wrong try again. Need assistance. Almost legally blind n it keeps asking on robot to see signs on roads in pictures which I can’t.,,simple,product_feedback,0.6841,ESCALATE,billing_or_refund,"Hey, help's here! Could you send us a DM with the email addresses or usernames of your accounts? We'll take a look backstage /CO","[{""pair_id"": ""881187"", ""conversation_id"": ""881184"", ""message"": ""@user trying to add 2 family members to premium family keep getting 4 - Oops something went wrong, please try again. when accepting"", ""reply"": ""Hey, help's here! Could you send us a DM with the email addresses or usernames of your accounts? We'll take a look backstage /CO <historical-link>"", ""similarity"": 0.3614, ""quality"": 0.3439, ""weak_intent"": ""billing_subscription""}]",top1_copy,0.48,assistant_draft
SPOT-040,2819555,representative,@user trying 2 accept family invite and it keeps saying undefined whoops something went wrong try again. Need assistance. Almost legally blind n it keeps asking on robot to see signs on roads in pictures which I can’t.,,main,product_feedback,0.6841,ESCALATE,billing_or_refund,"Thanks for flagging this. I don’t have enough verified context to resolve it safely here, so I’m escalating it to a support specialist.","[{""pair_id"": ""881187"", ""conversation_id"": ""881184"", ""message"": ""@user trying to add 2 family members to premium family keep getting 4 - Oops something went wrong, please try again. when accepting"", ""reply"": ""Hey, help's here! Could you send us a DM with the email addresses or usernames of your accounts? We'll take a look backstage /CO <historical-link>"", ""similarity"": 0.3614, ""quality"": 0.3439, ""weak_intent"": ""billing_subscription""}, {""pair_id"": ""1971552"", ""conversation_id"": ""1971551"", ""message"": ""@user We are trying to add a member of the family to our family plan and he keeps getting an oops something went wrong everytime"", ""reply"": ""Hey Anton, help's here! Could you send us a DM with your account's email address or username? We'll take a look backstage /CH <historical-link>"", ""similarity"": 0.3226, ""quality"": 0.3381, ""weak_intent"": ""billing_subscription""}, {""pair_id"": ""1908818"", ""conversation_id"": ""1908817"", ""message"": ""@user my Spotify keeps saying error 600 and won’t let me accept my family invite"", ""reply"": ""Hey there! Could you DM us the email addresses or usernames on your and the plan owner's accounts? We'll take a look backstage /LP <historical-link>"", ""similarity"": 0.3128, ""quality"": 0.3478, ""weak_intent"": ""playback_technical""}]",deterministic_fallback,0.48,assistant_draft
SPOT-041,2818193,representative,"@user um, my account has been disabled and i didnt do anything wrong. What's up with that?",,trivial,billing_subscription,0.28,ESCALATE,always_human_baseline,Thanks for reaching out. A support specialist will take a look.,[],fixed,,assistant_draft
SPOT-041,2818193,representative,"@user um, my account has been disabled and i didnt do anything wrong. What's up with that?",,simple,account_access,0.7028,ESCALATE,account_or_security,Hey! We've just sent a DM your way. Let's carry on chatting there,"[{""pair_id"": ""2644023"", ""conversation_id"": ""2644022"", ""message"": ""@user my account has been disabled and I have been trying all day to access it. What do I do?"", ""reply"": ""Hey! We've just sent a DM your way. Let's carry on chatting there"", ""similarity"": 0.4479, ""quality"": 0.0064, ""weak_intent"": ""account_access""}]",top1_copy,0.48,assistant_draft
SPOT-041,2818193,representative,"@user um, my account has been disabled and i didnt do anything wrong. What's up with that?",,main,account_access,0.7028,ESCALATE,account_or_security,I’m sorry you’re dealing with this. A support specialist should review it securely—please don’t post account or payment details publicly.,"[{""pair_id"": ""2644023"", ""conversation_id"": ""2644022"", ""message"": ""@user my account has been disabled and I have been trying all day to access it. What do I do?"", ""reply"": ""Hey! We've just sent a DM your way. Let's carry on chatting there"", ""similarity"": 0.4479, ""quality"": 0.0064, ""weak_intent"": ""account_access""}, {""pair_id"": ""2118854"", ""conversation_id"": ""2118853"", ""message"": ""@user my account has been disabled I need help getting it back."", ""reply"": ""Hi there! Can you DM us your account's email address or username? We'll take a look backstage /NQ <historical-link>"", ""similarity"": 0.4244, ""quality"": 0.2836, ""weak_intent"": ""account_access""}, {""pair_id"": ""2441004"", ""conversation_id"": ""2441003"", ""message"": ""@user my account has been disabled after something went wrong with the payment, can you fix this please?"", ""reply"": ""Hey Christopher, help's here! Can you DM us your account's email address and username? We'll take a look backstage /CG <historical-link>"", ""similarity"": 0.4352, ""quality"": 0.3244, ""weak_intent"": ""billing_subscription""}]",deterministic_fallback,0.48,assistant_draft
SPOT-042,2913814,representative,@user any idea when the app will be fixed? It’s up to date and I’m using the iOS version. Logging out is no help.,,trivial,billing_subscription,0.28,ESCALATE,always_human_baseline,Thanks for reaching out. A support specialist will take a look.,[],fixed,,assistant_draft
SPOT-042,2913814,representative,@user any idea when the app will be fixed? It’s up to date and I’m using the iOS version. Logging out is no help.,,simple,other,0.35,ESCALATE,low_confidence,"We don't have any further info about this, but we'd recommend enabling automatic updates on your device, or manually updating regularly","[{""pair_id"": ""1111098"", ""conversation_id"": ""1111097"", ""message"": ""@user When and how will I know if it has been fixed?"", ""reply"": ""We don't have any further info about this, but we'd recommend enabling automatic updates on your device, or manually updating regularly"", ""similarity"": 0.39, ""quality"": 0.2625, ""weak_intent"": ""other""}]",top1_copy,0.48,assistant_draft
SPOT-042,2913814,representative,@user any idea when the app will be fixed? It’s up to date and I’m using the iOS version. Logging out is no help.,,main,other,0.35,ESCALATE,low_confidence,"Thanks for flagging this. I don’t have enough verified context to resolve it safely here, so I’m escalating it to a support specialist.","[{""pair_id"": ""1111098"", ""conversation_id"": ""1111097"", ""message"": ""@user When and how will I know if it has been fixed?"", ""reply"": ""We don't have any further info about this, but we'd recommend enabling automatic updates on your device, or manually updating regularly"", ""similarity"": 0.39, ""quality"": 0.2625, ""weak_intent"": ""other""}, {""pair_id"": ""1120146"", ""conversation_id"": ""1120145"", ""message"": ""@user Im using android version."", ""reply"": ""Could you then tell us the Android and Spotify version you're currently running? We'll check under the hood"", ""similarity"": 0.3387, ""quality"": 0.5681, ""weak_intent"": ""other""}, {""pair_id"": ""1833867"", ""conversation_id"": ""1833865"", ""message"": ""@user Yes and I’m using an iPhone with the app and I’m using 8.4.22 version"", ""reply"": ""Thanks. Try logging out > restarting your phone > logging back in. Does that make a difference?"", ""similarity"": 0.3337, ""quality"": 0.5447, ""weak_intent"": ""other""}]",deterministic_fallback,0.48,assistant_draft
SPOT-043,2829083,representative,@user where can i find the release notes of last updates? can't find it :/,,trivial,billing_subscription,0.28,ESCALATE,always_human_baseline,Thanks for reaching out. A support specialist will take a look.,[],fixed,,assistant_draft
SPOT-043,2829083,representative,@user where can i find the release notes of last updates? can't find it :/,,simple,content_catalog,0.6434,AUTO_HANDLE,none,Hey Mario! You can add your support at  to help make it happen. For anything else let us know,"[{""pair_id"": ""2679877"", ""conversation_id"": ""2679876"", ""message"": ""@user Where can I find release notes for updates? “We’re always making changes and improvements” is all I see, ever. iOS 11"", ""reply"": ""Hey Mario! You can add your support at <historical-link> to help make it happen. For anything else let us know"", ""similarity"": 0.4474, ""quality"": 0.2139, ""weak_intent"": ""content_catalog""}]",top1_copy,0.48,assistant_draft
SPOT-043,2829083,representative,@user where can i find the release notes of last updates? can't find it :/,,main,content_catalog,0.6434,AUTO_HANDLE,none,Thanks for reporting this. Please share the artist and release name (not account details) so the catalog issue can be checked.,"[{""pair_id"": ""2679877"", ""conversation_id"": ""2679876"", ""message"": ""@user Where can I find release notes for updates? “We’re always making changes and improvements” is all I see, ever. iOS 11"", ""reply"": ""Hey Mario! You can add your support at <historical-link> to help make it happen. For anything else let us know"", ""similarity"": 0.4474, ""quality"": 0.2139, ""weak_intent"": ""content_catalog""}, {""pair_id"": ""2175473"", ""conversation_id"": ""2175472"", ""message"": ""Hi @user Is there any release notes for the desktop app?"", ""reply"": ""Hey there! We currently don't issue release notes, but you can vote for this idea: <historical-link> to help make it happen"", ""similarity"": 0.3922, ""quality"": 0.2392, ""weak_intent"": ""content_catalog""}, {""pair_id"": ""2203707"", ""conversation_id"": ""2203706"", ""message"": ""Where can I find this on @user? <URL>"", ""reply"": ""Hey there. We're afraid we don't have that version, but here's something as equally awesome! Check this out: <historical-link>"", ""similarity"": 0.3674, ""quality"": 0.425, ""weak_intent"": ""other""}]",deterministic_fallback,0.48,assistant_draft
SPOT-045,599473,representative,"@user you, put the fucking Breaking Benjamin's álbum ""Phobia"" available for phone, motherfuckers ahre ily",,trivial,billing_subscription,0.28,ESCALATE,always_human_baseline,Thanks for reaching out. A support specialist will take a look.,[],fixed,,assistant_draft
SPOT-045,599473,representative,"@user you, put the fucking Breaking Benjamin's álbum ""Phobia"" available for phone, motherfuckers ahre ily",,simple,other,0.35,ESCALATE,low_confidence,"Hi, Taylor Swift's 'Reputation' isn't available to stream just yet – stay tuned! For now, check out the singles:","[{""pair_id"": ""2225661"", ""conversation_id"": ""2225660"", ""message"": ""Why the new @user album is not available at @user ?"", ""reply"": ""Hi, Taylor Swift's 'Reputation' isn't available to stream just yet – stay tuned! For now, check out the singles: <historical-link>"", ""similarity"": 0.2646, ""quality"": 0.6128, ""weak_intent"": ""content_catalog""}]",top1_copy,0.48,assistant_draft
SPOT-045,599473,representative,"@user you, put the fucking Breaking Benjamin's álbum ""Phobia"" available for phone, motherfuckers ahre ily",,main,other,0.35,ESCALATE,low_confidence,"Thanks for flagging this. I don’t have enough verified context to resolve it safely here, so I’m escalating it to a support specialist.","[{""pair_id"": ""2225661"", ""conversation_id"": ""2225660"", ""message"": ""Why the new @user album is not available at @user ?"", ""reply"": ""Hi, Taylor Swift's 'Reputation' isn't available to stream just yet – stay tuned! For now, check out the singles: <historical-link>"", ""similarity"": 0.2646, ""quality"": 0.6128, ""weak_intent"": ""content_catalog""}, {""pair_id"": ""2397291"", ""conversation_id"": ""2397290"", ""message"": ""I just created an account on @user YOU MOTHERFUCKERS set up my password as my public name!"", ""reply"": ""Hey, help's here! Can you DM us your account's email address? We'll see what we can suggest /CB <historical-link>"", ""similarity"": 0.2618, ""quality"": 0.2797, ""weak_intent"": ""account_access""}, {""pair_id"": ""232750"", ""conversation_id"": ""232747"", ""message"": ""@user When is the new @user album available please?"", ""reply"": ""Hi there! We’ll have it available to you as soon as it’s available to us. <historical-link>"", ""similarity"": 0.24, ""quality"": 0.3569, ""weak_intent"": ""content_catalog""}]",deterministic_fallback,0.48,assistant_draft
SPOT-046,500982,representative,@user Not working in Germany,,trivial,billing_subscription,0.28,ESCALATE,always_human_baseline,Thanks for reaching out. A support specialist will take a look.,[],fixed,,assistant_draft
SPOT-046,500982,representative,@user Not working in Germany,,simple,playback_technical,0.7216,ESCALATE,missing_context,Could you send us a DM with your account's email address or username? We'll take a look backstage /LO,"[{""pair_id"": ""263526"", ""conversation_id"": ""263521"", ""message"": ""@user Germany i guess"", ""reply"": ""Could you send us a DM with your account's email address or username? We'll take a look backstage /LO <historical-link>"", ""similarity"": 0.6352, ""quality"": 0.2914, ""weak_intent"": ""other""}]",top1_copy,0.48,assistant_draft
SPOT-046,500982,representative,@user Not working in Germany,,main,playback_technical,0.7216,ESCALATE,missing_context,"Thanks for flagging this. I don’t have enough verified context to resolve it safely here, so I’m escalating it to a support specialist.","[{""pair_id"": ""263526"", ""conversation_id"": ""263521"", ""message"": ""@user Germany i guess"", ""reply"": ""Could you send us a DM with your account's email address or username? We'll take a look backstage /LO <historical-link>"", ""similarity"": 0.6352, ""quality"": 0.2914, ""weak_intent"": ""other""}, {""pair_id"": ""1226752"", ""conversation_id"": ""1226751"", ""message"": ""@user Here in germany we have problems with loding playlists and Songs. are There any Problems in germany"", ""reply"": ""Hi Tim, the cavalry's here! Can you let us know what device/version of Spotify you're using? We'd love to help out"", ""similarity"": 0.5088, ""quality"": 0.5817, ""weak_intent"": ""playlist_library""}, {""pair_id"": ""739487"", ""conversation_id"": ""739484"", ""message"": ""@user @user Why is this not available in Germany? :/"", ""reply"": ""Hey there! Sometimes agreements are ongoing, or can't be reached with the content provider. Hopefully we'll have it for you soon"", ""similarity"": 0.4941, ""quality"": 0.2489, ""weak_intent"": ""content_catalog""}]",deterministic_fallback,0.48,assistant_draft
SPOT-047,2936279,representative,@user I WAS CHARGED THRICE FOR THE PREMIUM I CANT EVEN SUBSCRIBE 🤦‍♂️,,trivial,billing_subscription,0.28,ESCALATE,always_human_baseline,Thanks for reaching out. A support specialist will take a look.,[],fixed,,assistant_draft
SPOT-047,2936279,representative,@user I WAS CHARGED THRICE FOR THE PREMIUM I CANT EVEN SUBSCRIBE 🤦‍♂️,,simple,billing_subscription,0.9,ESCALATE,billing_or_refund,Hey! Can you DM us your account's email address? We'll see what we can suggest /CB,"[{""pair_id"": ""1382280"", ""conversation_id"": ""1382279"", ""message"": ""@user HELP! my account was charged for premium yet my account info says I'm a free subscriber, I want to stay a premium subscriber"", ""reply"": ""Hey! Can you DM us your account's email address? We'll see what we can suggest /CB <historical-link>"", ""similarity"": 0.4386, ""quality"": 0.2544, ""weak_intent"": ""billing_subscription""}]",top1_copy,0.48,assistant_draft
SPOT-047,2936279,representative,@user I WAS CHARGED THRICE FOR THE PREMIUM I CANT EVEN SUBSCRIBE 🤦‍♂️,,main,billing_subscription,0.9,ESCALATE,billing_or_refund,I’m sorry you’re dealing with this. A support specialist should review it securely—please don’t post account or payment details publicly.,"[{""pair_id"": ""1382280"", ""conversation_id"": ""1382279"", ""message"": ""@user HELP! my account was charged for premium yet my account info says I'm a free subscriber, I want to stay a premium subscriber"", ""reply"": ""Hey! Can you DM us your account's email address? We'll see what we can suggest /CB <historical-link>"", ""similarity"": 0.4386, ""quality"": 0.2544, ""weak_intent"": ""billing_subscription""}, {""pair_id"": ""2165586"", ""conversation_id"": ""2165583"", ""message"": ""@user Im a premium subscriber"", ""reply"": ""Sorry to hear that! Check out the steps under “Downloads unexpectedly removed” at <historical-link> They should help with this"", ""similarity"": 0.4249, ""quality"": 0.425, ""weak_intent"": ""billing_subscription""}, {""pair_id"": ""2310587"", ""conversation_id"": ""2310586"", ""message"": ""@user I was charged $4.99 when I'm not even subscribed."", ""reply"": ""Hey! We've just replied to your DM. Let's carry on chatting there"", ""similarity"": 0.4236, ""quality"": 0.0064, ""weak_intent"": ""billing_subscription""}]",deterministic_fallback,0.48,assistant_draft
SPOT-053,525708,representative,@user i need help now why charge me £9.99 for 1 month when i selected the 3months for 0.99 i want something done now,,trivial,billing_subscription,0.28,ESCALATE,always_human_baseline,Thanks for reaching out. A support specialist will take a look.,[],fixed,,assistant_draft
SPOT-053,525708,representative,@user i need help now why charge me £9.99 for 1 month when i selected the 3months for 0.99 i want something done now,,simple,billing_subscription,0.9,ESCALATE,billing_or_refund,Hi there! Can you DM us your account's email address? We'll check under the hood and see what we can suggest /NY,"[{""pair_id"": ""1077016"", ""conversation_id"": ""1077015"", ""message"": ""@user my Spotify charged me £9.99 when I selected student, now I cant use my uni days as it says its on another account"", ""reply"": ""Hi there! Can you DM us your account's email address? We'll check under the hood and see what we can suggest /NY <historical-link>"", ""similarity"": 0.4294, ""quality"": 0.4928, ""weak_intent"": ""billing_subscription""}]",top1_copy,0.48,assistant_draft
SPOT-053,525708,representative,@user i need help now why charge me £9.99 for 1 month when i selected the 3months for 0.99 i want something done now,,main,billing_subscription,0.9,ESCALATE,billing_or_refund,I’m sorry you’re dealing with this. A support specialist should review it securely—please don’t post account or payment details publicly.,"[{""pair_id"": ""1077016"", ""conversation_id"": ""1077015"", ""message"": ""@user my Spotify charged me £9.99 when I selected student, now I cant use my uni days as it says its on another account"", ""reply"": ""Hi there! Can you DM us your account's email address? We'll check under the hood and see what we can suggest /NY <historical-link>"", ""similarity"": 0.4294, ""quality"": 0.4928, ""weak_intent"": ""billing_subscription""}, {""pair_id"": ""2096160"", ""conversation_id"": ""2096159"", ""message"": ""@user I have had my premium account with you for a while now I’m still a student but the last 2 months you’ve charged me £9.99 help"", ""reply"": ""Hey there, help's arrived! Could you send us a DM with your account's email address and username? We'll take a look backstage /RV <historical-link>"", ""similarity"": 0.3898, ""quality"": 0.3458, ""weak_intent"": ""billing_subscription""}, {""pair_id"": ""1718401"", ""conversation_id"": ""1718398"", ""message"": ""@user do you guys plan on doing the 3 months for 0.99 again?"", ""reply"": ""Hey there! We don't have any info on this right now, but we'll let the right team know it's something you're looking forward to"", ""similarity"": 0.3887, ""quality"": 0.2469, ""weak_intent"": ""other""}]",deterministic_fallback,0.48,assistant_draft
SPOT-055,2842896,representative,@user We need help. My brother paid his premium subscription using his globe prepaid. He has been charged twice but he's still on free mode. Can you help?,,trivial,billing_subscription,0.28,ESCALATE,always_human_baseline,Thanks for reaching out. A support specialist will take a look.,[],fixed,,assistant_draft
SPOT-055,2842896,representative,@user We need help. My brother paid his premium subscription using his globe prepaid. He has been charged twice but he's still on free mode. Can you help?,,simple,billing_subscription,0.9,ESCALATE,billing_or_refund,Hi there! Can you DM us your account's email address and username? We'll take a closer look /SC,"[{""pair_id"": ""2417979"", ""conversation_id"": ""2417978"", ""message"": ""@user i paid 3 times into premium subscription and still i’m in free mode. please fix this as soon as possible"", ""reply"": ""Hi there! Can you DM us your account's email address and username? We'll take a closer look /SC <historical-link>"", ""similarity"": 0.3931, ""quality"": 0.2797, ""weak_intent"": ""billing_subscription""}]",top1_copy,0.48,assistant_draft
SPOT-055,2842896,representative,@user We need help. My brother paid his premium subscription using his globe prepaid. He has been charged twice but he's still on free mode. Can you help?,,main,billing_subscription,0.9,ESCALATE,billing_or_refund,I’m sorry you’re dealing with this. A support specialist should review it securely—please don’t post account or payment details publicly.,"[{""pair_id"": ""2417979"", ""conversation_id"": ""2417978"", ""message"": ""@user i paid 3 times into premium subscription and still i’m in free mode. please fix this as soon as possible"", ""reply"": ""Hi there! Can you DM us your account's email address and username? We'll take a closer look /SC <historical-link>"", ""similarity"": 0.3931, ""quality"": 0.2797, ""weak_intent"": ""billing_subscription""}, {""pair_id"": ""2306930"", ""conversation_id"": ""2306929"", ""message"": ""@user Hey I paid for premium but it still has me on free"", ""reply"": ""Hi there, that doesn't sound good. Can you DM us your account's email address? We'll take a look under the hood /AK <historical-link>"", ""similarity"": 0.369, ""quality"": 0.3186, ""weak_intent"": ""billing_subscription""}, {""pair_id"": ""2039916"", ""conversation_id"": ""2039913"", ""message"": ""@user Paid for my Family Premium this morning and it still shows my subscription is Free"", ""reply"": ""Hey there, help's here! Can you DM us your account's email address and username? We'll take a look backstage 🙂 /CG <historical-link>"", ""similarity"": 0.3604, ""quality"": 0.3167, ""weak_intent"": ""billing_subscription""}]",deterministic_fallback,0.48,assistant_draft
SPOT-061,603611,representative,"@user I've got the ""Get a year of Premium"" offer splash screen on my iOs app, but there wasn't any CTA to apply just a button to open a webpage... and there is no button, link or anything... How can I apply?!?! 🧐🤨 #Spotify #SpotifyPremium",,trivial,billing_subscription,0.28,ESCALATE,always_human_baseline,Thanks for reaching out. A support specialist will take a look.,[],fixed,,assistant_draft
SPOT-061,603611,representative,"@user I've got the ""Get a year of Premium"" offer splash screen on my iOs app, but there wasn't any CTA to apply just a button to open a webpage... and there is no button, link or anything... How can I apply?!?! 🧐🤨 #Spotify #SpotifyPremium",,simple,billing_subscription,0.7028,ESCALATE,billing_or_refund,"Hi Rachel, help has arrived. Can you DM us all accounts' (yours and your family members') email addresses or usernames? /ME","[{""pair_id"": ""1780063"", ""conversation_id"": ""1780062"", ""message"": ""Why can't I add family member to my Spotify premium account???? #frustrated #spotify #spotifypremium @user"", ""reply"": ""Hi Rachel, help has arrived. Can you DM us all accounts' (yours and your family members') email addresses or usernames? /ME <historical-link>"", ""similarity"": 0.2694, ""quality"": 0.3342, ""weak_intent"": ""account_access""}]",top1_copy,0.48,assistant_draft
SPOT-061,603611,representative,"@user I've got the ""Get a year of Premium"" offer splash screen on my iOs app, but there wasn't any CTA to apply just a button to open a webpage... and there is no button, link or anything... How can I apply?!?! 🧐🤨 #Spotify #SpotifyPremium",,main,billing_subscription,0.7028,ESCALATE,billing_or_refund,I’m sorry you’re dealing with this. A support specialist should review it securely—please don’t post account or payment details publicly.,"[{""pair_id"": ""1780063"", ""conversation_id"": ""1780062"", ""message"": ""Why can't I add family member to my Spotify premium account???? #frustrated #spotify #spotifypremium @user"", ""reply"": ""Hi Rachel, help has arrived. Can you DM us all accounts' (yours and your family members') email addresses or usernames? /ME <historical-link>"", ""similarity"": 0.2694, ""quality"": 0.3342, ""weak_intent"": ""account_access""}, {""pair_id"": ""1440073"", ""conversation_id"": ""1440071"", ""message"": ""#spotifycares @user the recently played songs does n apear on my iphone,latest ios & spotify app, no button 🚗 <URL>"", ""reply"": ""Hi, help's arrived! Can you try to see if restarting your phone makes a difference? Also, when did this start happening?"", ""similarity"": 0.2429, ""quality"": 0.7733, ""weak_intent"": ""other""}, {""pair_id"": ""2050974"", ""conversation_id"": ""2050973"", ""message"": ""@user Can I apply to have another year of student spotify?"", ""reply"": ""Hey there, help's here! Can you DM us your account's email address and username? We'll take a look backstage /MQ <historical-link>"", ""similarity"": 0.2327, ""quality"": 0.3128, ""weak_intent"": ""billing_subscription""}]",deterministic_fallback,0.48,assistant_draft
SPOT-063,475196,representative,@user you need to update the folk category to winter. It’s sill in autumn,,trivial,billing_subscription,0.28,ESCALATE,always_human_baseline,Thanks for reaching out. A support specialist will take a look.,[],fixed,,assistant_draft
SPOT-063,475196,representative,@user you need to update the folk category to winter. It’s sill in autumn,,simple,product_feedback,0.6981,AUTO_HANDLE,none,"Hey, this sounds like a great idea! Suggest it in our Community at  and get support from other users","[{""pair_id"": ""1033175"", ""conversation_id"": ""1033174"", ""message"": ""Spotify should add a category of your downloaded music"", ""reply"": ""Hey, this sounds like a great idea! Suggest it in our Community at <historical-link> and get support from other users"", ""similarity"": 0.3846, ""quality"": 0.2275, ""weak_intent"": ""product_feedback""}]",top1_copy,0.48,assistant_draft
SPOT-063,475196,representative,@user you need to update the folk category to winter. It’s sill in autumn,,main,product_feedback,0.6981,AUTO_HANDLE,none,Thanks for the thoughtful feedback. I’ve captured the use case clearly so the product team can review it.,"[{""pair_id"": ""1033175"", ""conversation_id"": ""1033174"", ""message"": ""Spotify should add a category of your downloaded music"", ""reply"": ""Hey, this sounds like a great idea! Suggest it in our Community at <historical-link> and get support from other users"", ""similarity"": 0.3846, ""quality"": 0.2275, ""weak_intent"": ""product_feedback""}, {""pair_id"": ""2264787"", ""conversation_id"": ""2264786"", ""message"": ""@user how do you not have a category for Christmas music??"", ""reply"": ""Hey Jeany! If you're on desktop, just type spotify:genre:holidays into the Search bar. Enjoy the music 🎶"", ""similarity"": 0.3539, ""quality"": 0.2022, ""weak_intent"": ""content_catalog""}, {""pair_id"": ""877457"", ""conversation_id"": ""877456"", ""message"": ""@user why doesn’t Egypt have a category for the ‘Global Top 50’?"", ""reply"": ""1: Hey! We're afraid Spotify is not available yet in Egypt, but we're launching in new countries as often as possible. To be the first 2: to hear, be sure to add your email at <historical-link>"", ""similarity"": 0.3281, ""quality"": 0.53, ""weak_intent"": ""other""}]",deterministic_fallback,0.48,assistant_draft
SPOT-066,472560,representative,@user is there something wrong with the app at the moment? Constantly getting 3 loading buttons... and nothing else?,,trivial,billing_subscription,0.28,ESCALATE,always_human_baseline,Thanks for reaching out. A support specialist will take a look.,[],fixed,,assistant_draft
SPOT-066,472560,representative,@user is there something wrong with the app at the moment? Constantly getting 3 loading buttons... and nothing else?,,simple,other,0.35,ESCALATE,low_confidence,"Hey! We don't have any promotions at the moment, but you can check out our other subscription options at","[{""pair_id"": ""1465760"", ""conversation_id"": ""1465759"", ""message"": ""@user No sale at the moment?"", ""reply"": ""Hey! We don't have any promotions at the moment, but you can check out our other subscription options at <historical-link>"", ""similarity"": 0.3124, ""quality"": 0.4172, ""weak_intent"": ""other""}]",top1_copy,0.48,assistant_draft
SPOT-066,472560,representative,@user is there something wrong with the app at the moment? Constantly getting 3 loading buttons... and nothing else?,,main,other,0.35,ESCALATE,low_confidence,"Thanks for flagging this. I don’t have enough verified context to resolve it safely here, so I’m escalating it to a support specialist.","[{""pair_id"": ""1465760"", ""conversation_id"": ""1465759"", ""message"": ""@user No sale at the moment?"", ""reply"": ""Hey! We don't have any promotions at the moment, but you can check out our other subscription options at <historical-link>"", ""similarity"": 0.3124, ""quality"": 0.4172, ""weak_intent"": ""other""}, {""pair_id"": ""223018"", ""conversation_id"": ""223016"", ""message"": ""@user there's something wrong with the share button on Android. Everytime i press it, the app restarts"", ""reply"": ""1: Hey Dana! Can you send us the make and model of your device? It'd help if you could also include the Android and Spotify... 2: versions you're using. We'll see what we can suggest"", ""similarity"": 0.3021, ""quality"": 0.53, ""weak_intent"": ""other""}, {""pair_id"": ""2019663"", ""conversation_id"": ""2019662"", ""message"": ""hey @user theres something wrong with my client can you help"", ""reply"": ""Hey there! What's happening exactly? Could you DM us you account's username and email address? We'll see what we can suggest /DF <historical-link>"", ""similarity"": 0.3076, ""quality"": 0.3439, ""weak_intent"": ""other""}]",deterministic_fallback,0.48,assistant_draft
SPOT-068,2919396,representative,@user wsup ?,,trivial,billing_subscription,0.28,ESCALATE,always_human_baseline,Thanks for reaching out. A support specialist will take a look.,[],fixed,,assistant_draft
SPOT-068,2919396,representative,@user wsup ?,,simple,other,0.35,ESCALATE,missing_context,Our Artist team takes care of artists like you. They'll help with your current issue. Just fill out the form at,"[{""pair_id"": ""2175483"", ""conversation_id"": ""2175482"", ""message"": ""@user Where ?"", ""reply"": ""Our Artist team takes care of artists like you. They'll help with your current issue. Just fill out the form at <historical-link>"", ""similarity"": 0.2147, ""quality"": 0.2508, ""weak_intent"": ""other""}]",top1_copy,0.48,assistant_draft
SPOT-068,2919396,representative,@user wsup ?,,main,other,0.4041,ESCALATE,missing_context,"Thanks for flagging this. I don’t have enough verified context to resolve it safely here, so I’m escalating it to a support specialist.","[{""pair_id"": ""2175483"", ""conversation_id"": ""2175482"", ""message"": ""@user Where ?"", ""reply"": ""Our Artist team takes care of artists like you. They'll help with your current issue. Just fill out the form at <historical-link>"", ""similarity"": 0.2147, ""quality"": 0.2508, ""weak_intent"": ""other""}, {""pair_id"": ""2317028"", ""conversation_id"": ""2317027"", ""message"": ""@user @user @user do it"", ""reply"": ""Hi there! We’ll have it available to you as soon as it’s available to us. More info here: <historical-link>"", ""similarity"": 0.2012, ""quality"": 0.3881, ""weak_intent"": ""other""}, {""pair_id"": ""1834158"", ""conversation_id"": ""1834157"", ""message"": ""@user @user <URL>"", ""reply"": ""1: Hi Mike! Help's here. We can confirm that the track is currently unavailable on Spotify. Sometimes content gets temporarily removed... 2: due to licensing changes. Having said that, it's odd that you're still hearing audio. Can you check if it's the same while streaming?"", ""similarity"": 0.1362, ""quality"": 0.89, ""weak_intent"": ""other""}]",deterministic_fallback,0.48,assistant_draft
SPOT-069,2919310,representative,Har @user fått influensan? @user eller någon annan insatt?,,trivial,billing_subscription,0.28,ESCALATE,always_human_baseline,Thanks for reaching out. A support specialist will take a look.,[],fixed,,assistant_draft
SPOT-069,2919310,representative,Har @user fått influensan? @user eller någon annan insatt?,,simple,other,0.35,ESCALATE,low_confidence,"1: Hey! You can contact our Artist team here:  2: If you've reached out, DM us your email address & we'll chase it up /K","[{""pair_id"": ""919975"", ""conversation_id"": ""919975"", ""message"": ""@user @user Please message me, I would like to be an influencer for your company."", ""reply"": ""1: Hey! You can contact our Artist team here: <historical-link> 2: If you've reached out, DM us your email address & we'll chase it up /K <historical-link>"", ""similarity"": 0.2418, ""quality"": 0.1931, ""weak_intent"": ""other""}]",top1_copy,0.48,assistant_draft
SPOT-069,2919310,representative,Har @user fått influensan? @user eller någon annan insatt?,,main,other,0.35,ESCALATE,low_confidence,"Thanks for flagging this. I don’t have enough verified context to resolve it safely here, so I’m escalating it to a support specialist.","[{""pair_id"": ""919975"", ""conversation_id"": ""919975"", ""message"": ""@user @user Please message me, I would like to be an influencer for your company."", ""reply"": ""1: Hey! You can contact our Artist team here: <historical-link> 2: If you've reached out, DM us your email address & we'll chase it up /K <historical-link>"", ""similarity"": 0.2418, ""quality"": 0.1931, ""weak_intent"": ""other""}, {""pair_id"": ""1910271"", ""conversation_id"": ""1910270"", ""message"": ""@user Hvordan ved i at man er studerende eller ej?"", ""reply"": ""Hi Mathias! We hope you don't mind us replying in English. Can you let us know what country you're in? We'll see what we can suggest"", ""similarity"": 0.173, ""quality"": 0.6167, ""weak_intent"": ""other""}, {""pair_id"": ""1542054"", ""conversation_id"": ""1542053"", ""message"": ""@user 3) They influence their non-power-user peers as they are viewed as 'experts.'"", ""reply"": ""1: Right now you can only download up to 3,333 songs per device, on a maximum of 3 different devices. If you'd like the limit to... 2: be removed, you can show your support by voting for the idea here: <historical-link>"", ""similarity"": 0.1848, ""quality"": 0.35, ""weak_intent"": ""other""}]",deterministic_fallback,0.48,assistant_draft
SPOT-071,100135,representative,@user Bring Jay-Z back,,trivial,billing_subscription,0.28,ESCALATE,always_human_baseline,Thanks for reaching out. A support specialist will take a look.,[],fixed,,assistant_draft
SPOT-071,100135,representative,@user Bring Jay-Z back,,simple,other,0.35,ESCALATE,low_confidence,"Hey! We can confirm that some of Jay Z's catalog has been removed at the request of the artist, but we'll pass on your feedback","[{""pair_id"": ""1929723"", ""conversation_id"": ""1929722"", ""message"": ""@user get 100$bill by Jay-Z on Spotify"", ""reply"": ""Hey! We can confirm that some of Jay Z's catalog has been removed at the request of the artist, but we'll pass on your feedback"", ""similarity"": 0.6305, ""quality"": 0.2469, ""weak_intent"": ""other""}]",top1_copy,0.48,assistant_draft
SPOT-071,100135,representative,@user Bring Jay-Z back,,main,other,0.3774,ESCALATE,low_confidence,"Thanks for flagging this. I don’t have enough verified context to resolve it safely here, so I’m escalating it to a support specialist.","[{""pair_id"": ""1929723"", ""conversation_id"": ""1929722"", ""message"": ""@user get 100$bill by Jay-Z on Spotify"", ""reply"": ""Hey! We can confirm that some of Jay Z's catalog has been removed at the request of the artist, but we'll pass on your feedback"", ""similarity"": 0.6305, ""quality"": 0.2469, ""weak_intent"": ""other""}, {""pair_id"": ""840735"", ""conversation_id"": ""840734"", ""message"": ""bring it back 😐 @user <URL>"", ""reply"": ""Hey there! We have more info about this here: <historical-link> Give us a shout if you have any questions"", ""similarity"": 0.4663, ""quality"": 0.2042, ""weak_intent"": ""other""}, {""pair_id"": ""2448561"", ""conversation_id"": ""2448560"", ""message"": ""Bring it back pls @user <URL>"", ""reply"": ""Hey! We don't have any info on this right now, but we'll let the right team know it's something you'd like to see again"", ""similarity"": 0.4432, ""quality"": 0.2314, ""weak_intent"": ""other""}]",deterministic_fallback,0.48,assistant_draft
SPOT-072,500985,representative,@user Yep 100% down,,trivial,billing_subscription,0.28,ESCALATE,always_human_baseline,Thanks for reaching out. A support specialist will take a look.,[],fixed,,assistant_draft
SPOT-072,500985,representative,@user Yep 100% down,,simple,other,0.35,ESCALATE,low_confidence,"Oh, OK! If you need some guidance on things, feel free to check out  to get a head start /T","[{""pair_id"": ""1033690"", ""conversation_id"": ""1033689"", ""message"": ""@user Oh, this is 100% user incompetence. You're all great!"", ""reply"": ""Oh, OK! If you need some guidance on things, feel free to check out <historical-link> to get a head start /T"", ""similarity"": 0.2676, ""quality"": 0.39, ""weak_intent"": ""other""}]",top1_copy,0.48,assistant_draft
SPOT-072,500985,representative,@user Yep 100% down,,main,other,0.35,ESCALATE,low_confidence,"Thanks for flagging this. I don’t have enough verified context to resolve it safely here, so I’m escalating it to a support specialist.","[{""pair_id"": ""1033690"", ""conversation_id"": ""1033689"", ""message"": ""@user Oh, this is 100% user incompetence. You're all great!"", ""reply"": ""Oh, OK! If you need some guidance on things, feel free to check out <historical-link> to get a head start /T"", ""similarity"": 0.2676, ""quality"": 0.39, ""weak_intent"": ""other""}, {""pair_id"": ""1227414"", ""conversation_id"": ""1227413"", ""message"": ""100% done with @user. I’m tired of hitting this 10k song limit. Canceling. @user @user @user <URL>"", ""reply"": ""1: Hey Manny! We're sorry about this. We currently have a 10k limit songs in Your Library, but you can save any other songs in playlists. 2: We'll make sure to pass your feedback about this"", ""similarity"": 0.2775, ""quality"": 0.35, ""weak_intent"": ""billing_subscription""}, {""pair_id"": ""1061635"", ""conversation_id"": ""1061631"", ""message"": ""@user Yep it’s still the same. Here’s a screenshot for reference <URL>"", ""reply"": ""Thanks. Can you try reinstalling the app? You can follow the steps here: <historical-link> Let us know if that helps"", ""similarity"": 0.1898, ""quality"": 0.7656, ""weak_intent"": ""other""}]",deterministic_fallback,0.48,assistant_draft
SPOT-075,478963,representative,#repuatation is now on spotify 👏👏👏,,trivial,billing_subscription,0.28,ESCALATE,always_human_baseline,Thanks for reaching out. A support specialist will take a look.,[],fixed,,assistant_draft
SPOT-075,478963,representative,#repuatation is now on spotify 👏👏👏,,simple,other,0.35,ESCALATE,low_confidence,"Hi! Taylor Swift's 'Reputation' isn't available to stream just yet – stay tuned! For now, check out the singles:","[{""pair_id"": ""2246081"", ""conversation_id"": ""2246080"", ""message"": ""WHEN IS REPUATATION GONNA BE ON @user #repuatation"", ""reply"": ""Hi! Taylor Swift's 'Reputation' isn't available to stream just yet – stay tuned! For now, check out the singles: <historical-link>"", ""similarity"": 0.7298, ""quality"": 0.6128, ""weak_intent"": ""other""}]",top1_copy,0.48,assistant_draft
SPOT-075,478963,representative,#repuatation is now on spotify 👏👏👏,,main,other,0.35,ESCALATE,low_confidence,"Thanks for flagging this. I don’t have enough verified context to resolve it safely here, so I’m escalating it to a support specialist.","[{""pair_id"": ""2246081"", ""conversation_id"": ""2246080"", ""message"": ""WHEN IS REPUATATION GONNA BE ON @user #repuatation"", ""reply"": ""Hi! Taylor Swift's 'Reputation' isn't available to stream just yet – stay tuned! For now, check out the singles: <historical-link>"", ""similarity"": 0.7298, ""quality"": 0.6128, ""weak_intent"": ""other""}, {""pair_id"": ""2239798"", ""conversation_id"": ""2239797"", ""message"": ""attention @user when am i going to be able to listen to #repuatation?"", ""reply"": ""Hey there. We’ll have it available to you as soon as it’s available to us! <historical-link>"", ""similarity"": 0.5247, ""quality"": 0.3589, ""weak_intent"": ""other""}, {""pair_id"": ""2225719"", ""conversation_id"": ""2225718"", ""message"": ""#Repuation #Repuation Come on, grow up and put it on Spotify <URL>"", ""reply"": ""Hi there! We’ll have it available to you as soon as it’s available to us. <historical-link>"", ""similarity"": 0.5124, ""quality"": 0.3569, ""weak_intent"": ""other""}]",deterministic_fallback,0.48,assistant_draft
SPOT-076,499249,representative,"@user is there an option that will text me before allowing someone thousands of miles away from accessing my account? I lost everything, my playlists, my albums, my sanity my patients.",,trivial,billing_subscription,0.28,ESCALATE,always_human_baseline,Thanks for reaching out. A support specialist will take a look.,[],fixed,,assistant_draft
SPOT-076,499249,representative,"@user is there an option that will text me before allowing someone thousands of miles away from accessing my account? I lost everything, my playlists, my albums, my sanity my patients.",,simple,playlist_library,0.6466,ESCALATE,account_or_security,"Hey Paul, that's not cool! Can you DM us your account's email address or username? We'll take a look backstage /MT","[{""pair_id"": ""1814532"", ""conversation_id"": ""1814531"", ""message"": ""@user I keep seeing albums and songs I've never listened to showing up on my Playlist. I think someone is accessing my account"", ""reply"": ""Hey Paul, that's not cool! Can you DM us your account's email address or username? We'll take a look backstage /MT <historical-link>"", ""similarity"": 0.2942, ""quality"": 0.3167, ""weak_intent"": ""playlist_library""}]",top1_copy,0.48,assistant_draft
SPOT-076,499249,representative,"@user is there an option that will text me before allowing someone thousands of miles away from accessing my account? I lost everything, my playlists, my albums, my sanity my patients.",,main,playlist_library,0.6466,ESCALATE,account_or_security,"Thanks for flagging this. I don’t have enough verified context to resolve it safely here, so I’m escalating it to a support specialist.","[{""pair_id"": ""1814532"", ""conversation_id"": ""1814531"", ""message"": ""@user I keep seeing albums and songs I've never listened to showing up on my Playlist. I think someone is accessing my account"", ""reply"": ""Hey Paul, that's not cool! Can you DM us your account's email address or username? We'll take a look backstage /MT <historical-link>"", ""similarity"": 0.2942, ""quality"": 0.3167, ""weak_intent"": ""playlist_library""}, {""pair_id"": ""1914285"", ""conversation_id"": ""1914284"", ""message"": ""@user please can I have some help accessing my account?"", ""reply"": ""Hey Jessica, help's here! Can you DM us your account's email address and username along with some details about what's happening? /MQ <historical-link>"", ""similarity"": 0.2791, ""quality"": 0.3536, ""weak_intent"": ""account_access""}, {""pair_id"": ""952677"", ""conversation_id"": ""952676"", ""message"": ""@user is there a way to remove an block devices from accessing my account because someone has connected there device to my account"", ""reply"": ""Hey there! We’re sorry to hear that. Check out <historical-link> for what to do next"", ""similarity"": 0.243, ""quality"": 0.3433, ""weak_intent"": ""device_connectivity""}]",deterministic_fallback,0.48,assistant_draft
SPOT-078,555481,representative,"@user Using the iPhone SE, with OS 11.2 and I have that blessed premium service and have for about three or more years!","Hey there! What device (make & model), operating system, and app version are you using? Also, are you rocking Spotify Free or Premium? We'll be right here waiting",trivial,billing_subscription,0.28,ESCALATE,always_human_baseline,Thanks for reaching out. A support specialist will take a look.,[],fixed,,assistant_draft
SPOT-078,555481,representative,"@user Using the iPhone SE, with OS 11.2 and I have that blessed premium service and have for about three or more years!","Hey there! What device (make & model), operating system, and app version are you using? Also, are you rocking Spotify Free or Premium? We'll be right here waiting",simple,billing_subscription,0.7028,ESCALATE,missing_context,"1: We'll take note of that. To get your Spotify version, tap Your Library > Settings (gear icon) > About. 2: By the way, can you let us know if you're getting any specific error messages?","[{""pair_id"": ""1093470"", ""conversation_id"": ""1093469"", ""message"": ""@user I’m using an iPhone and I have the 11.0.3 os"", ""reply"": ""1: We'll take note of that. To get your Spotify version, tap Your Library > Settings (gear icon) > About. 2: By the way, can you let us know if you're getting any specific error messages?"", ""similarity"": 0.3293, ""quality"": 0.89, ""weak_intent"": ""other""}]",top1_copy,0.48,assistant_draft
SPOT-078,555481,representative,"@user Using the iPhone SE, with OS 11.2 and I have that blessed premium service and have for about three or more years!","Hey there! What device (make & model), operating system, and app version are you using? Also, are you rocking Spotify Free or Premium? We'll be right here waiting",main,billing_subscription,0.7028,ESCALATE,missing_context,I’m sorry you’re dealing with this. A support specialist should review it securely—please don’t post account or payment details publicly.,"[{""pair_id"": ""1093470"", ""conversation_id"": ""1093469"", ""message"": ""@user I’m using an iPhone and I have the 11.0.3 os"", ""reply"": ""1: We'll take note of that. To get your Spotify version, tap Your Library > Settings (gear icon) > About. 2: By the way, can you let us know if you're getting any specific error messages?"", ""similarity"": 0.3293, ""quality"": 0.89, ""weak_intent"": ""other""}, {""pair_id"": ""2118722"", ""conversation_id"": ""2118721"", ""message"": ""@user I have a new phone and I cannot get my Spotify on this new phone. I am paying for premium service but i don’t have access"", ""reply"": ""Hey! That doesn't sound good. Could you DM us your account's email address? We'll take a look backstage /AU <historical-link>"", ""similarity"": 0.2816, ""quality"": 0.3031, ""weak_intent"": ""billing_subscription""}, {""pair_id"": ""1124450"", ""conversation_id"": ""1124449"", ""message"": ""@user Hi I'm paying for premium but the premium service has stopped"", ""reply"": ""Hi! We've just sent you a bit more info over DM. We'll carry on helping out there"", ""similarity"": 0.2597, ""quality"": 0.0375, ""weak_intent"": ""billing_subscription""}]",deterministic_fallback,0.48,assistant_draft
SPOT-079,578099,representative,"@user @user hi, I've got a monthly subscription which renews on 9th Dec but have just taken advantage of your annual sub for £99 offer. Do I need to cancel my monthly or does that automatically stop?",,trivial,billing_subscription,0.28,ESCALATE,always_human_baseline,Thanks for reaching out. A support specialist will take a look.,[],fixed,,assistant_draft
SPOT-079,578099,representative,"@user @user hi, I've got a monthly subscription which renews on 9th Dec but have just taken advantage of your annual sub for £99 offer. Do I need to cancel my monthly or does that automatically stop?",,simple,billing_subscription,0.9,ESCALATE,billing_or_refund,Hey! Can you try signing up at  using an incognito window? Let us know if it makes a difference,"[{""pair_id"": ""1336237"", ""conversation_id"": ""1336236"", ""message"": ""@user why can't I pay monthly for Premium? It's only showing me annual subscription and I don't want to pay an entire year in advance"", ""reply"": ""Hey! Can you try signing up at <historical-link> using an incognito window? Let us know if it makes a difference"", ""similarity"": 0.3905, ""quality"": 0.5778, ""weak_intent"": ""billing_subscription""}]",top1_copy,0.48,assistant_draft
SPOT-079,578099,representative,"@user @user hi, I've got a monthly subscription which renews on 9th Dec but have just taken advantage of your annual sub for £99 offer. Do I need to cancel my monthly or does that automatically stop?",,main,billing_subscription,0.9,ESCALATE,billing_or_refund,I’m sorry you’re dealing with this. A support specialist should review it securely—please don’t post account or payment details publicly.,"[{""pair_id"": ""1336237"", ""conversation_id"": ""1336236"", ""message"": ""@user why can't I pay monthly for Premium? It's only showing me annual subscription and I don't want to pay an entire year in advance"", ""reply"": ""Hey! Can you try signing up at <historical-link> using an incognito window? Let us know if it makes a difference"", ""similarity"": 0.3905, ""quality"": 0.5778, ""weak_intent"": ""billing_subscription""}, {""pair_id"": ""2381850"", ""conversation_id"": ""2381849"", ""message"": ""It bothers me that @user doesn't have a button that will stop the automatically renewal of your subscription. I don't want to cancel and end now but I want it to not renew at the next billing cycle, you know."", ""reply"": ""1: Hey Kenneth, thanks for the feedback! We'll be sure to pass it onto the relevant folks. Could you send us a DM with your account's... 2: email address or username? We'll take a look backstage"", ""similarity"": 0.343, ""quality"": 0.41, ""weak_intent"": ""billing_subscription""}, {""pair_id"": ""2309845"", ""conversation_id"": ""2309843"", ""message"": ""Hi @user how do I change my monthly subscription to a yearly one?"", ""reply"": ""Hey! Just select 'See more offers' on the Payments page. This should bring up the option to pay yearly. Hope that helps"", ""similarity"": 0.342, ""quality"": 0.4114, ""weak_intent"": ""billing_subscription""}]",deterministic_fallback,0.48,assistant_draft
SPOT-080,2919444,representative,Hello? @user?? You're not working and I have 20 minutes to dance around my lounge room before I have to go to work!!!,,trivial,billing_subscription,0.28,ESCALATE,always_human_baseline,Thanks for reaching out. A support specialist will take a look.,[],fixed,,assistant_draft
SPOT-080,2919444,representative,Hello? @user?? You're not working and I have 20 minutes to dance around my lounge room before I have to go to work!!!,,simple,playback_technical,0.7216,AUTO_HANDLE,none,Hey there! Can you let us know what's happening exactly? We'll see what we can suggest,"[{""pair_id"": ""1853479"", ""conversation_id"": ""1853471"", ""message"": "".@user that was NOT 30 minutes"", ""reply"": ""Hey there! Can you let us know what's happening exactly? We'll see what we can suggest"", ""similarity"": 0.2504, ""quality"": 0.3472, ""weak_intent"": ""other""}]",top1_copy,0.48,assistant_draft
SPOT-080,2919444,representative,Hello? @user?? You're not working and I have 20 minutes to dance around my lounge room before I have to go to work!!!,,main,playback_technical,0.7216,AUTO_HANDLE,none,"Sorry about the playback trouble. Which device, operating system, and app version are you using, and does it also happen on another network?","[{""pair_id"": ""1853479"", ""conversation_id"": ""1853471"", ""message"": "".@user that was NOT 30 minutes"", ""reply"": ""Hey there! Can you let us know what's happening exactly? We'll see what we can suggest"", ""similarity"": 0.2504, ""quality"": 0.3472, ""weak_intent"": ""other""}, {""pair_id"": ""1788656"", ""conversation_id"": ""1788655"", ""message"": ""@user I have just got a new laptop and logged into my account. I can’t listen to more than 5 minutes before the streaming is stopped"", ""reply"": ""Hey Adrien, that doesn't sound right! Just to check, are you seeing any specific error message? A screenshot would be super helpful"", ""similarity"": 0.2413, ""quality"": 0.2547, ""weak_intent"": ""account_access""}, {""pair_id"": ""2240439"", ""conversation_id"": ""2240437"", ""message"": ""@user why do i get ads every 10 minutes instead of 30 minutes ?"", ""reply"": ""Hey, that doesn't sound good! Did the app crash at any point during the 30 minutes? That can cause the ad-free time to reset"", ""similarity"": 0.2398, ""quality"": 0.2411, ""weak_intent"": ""product_feedback""}]",deterministic_fallback,0.48,assistant_draft
SPOT-082,490773,representative,"@user Unable to access my account after you sent email advising that I change my password. Always gives error message ""CSRF token invalid"". Tried clearing cookies. Can't send you a message via the website because it wants me to log in first. Please advise.",,trivial,billing_subscription,0.28,ESCALATE,always_human_baseline,Thanks for reaching out. A support specialist will take a look.,[],fixed,,assistant_draft
SPOT-082,490773,representative,"@user Unable to access my account after you sent email advising that I change my password. Always gives error message ""CSRF token invalid"". Tried clearing cookies. Can't send you a message via the website because it wants me to log in first. Please advise.",,simple,account_access,0.9,ESCALATE,account_or_security,"Hi David! Help's here. Can you DM us your account's username or email address, along with a screenshot of the error message? /MU","[{""pair_id"": ""1826719"", ""conversation_id"": ""1826718"", ""message"": ""@user @user can't reset my password enter email and keeps getting error message invalid csrf token 🤔"", ""reply"": ""Hi David! Help's here. Can you DM us your account's username or email address, along with a screenshot of the error message? /MU <historical-link>"", ""similarity"": 0.4325, ""quality"": 0.3439, ""weak_intent"": ""account_access""}]",top1_copy,0.48,assistant_draft
SPOT-082,490773,representative,"@user Unable to access my account after you sent email advising that I change my password. Always gives error message ""CSRF token invalid"". Tried clearing cookies. Can't send you a message via the website because it wants me to log in first. Please advise.",,main,account_access,0.9,ESCALATE,account_or_security,I’m sorry you’re dealing with this. A support specialist should review it securely—please don’t post account or payment details publicly.,"[{""pair_id"": ""1826719"", ""conversation_id"": ""1826718"", ""message"": ""@user @user can't reset my password enter email and keeps getting error message invalid csrf token 🤔"", ""reply"": ""Hi David! Help's here. Can you DM us your account's username or email address, along with a screenshot of the error message? /MU <historical-link>"", ""similarity"": 0.4325, ""quality"": 0.3439, ""weak_intent"": ""account_access""}, {""pair_id"": ""1524422"", ""conversation_id"": ""1524421"", ""message"": ""@user I can't change my password because there is a \""CSRF TOKEN IS INVALID\"" :( this makes me sad"", ""reply"": ""Hi there! Can you DM us your account's email address or username? We'll take a look backstage /GT <historical-link>"", ""similarity"": 0.4155, ""quality"": 0.2836, ""weak_intent"": ""account_access""}, {""pair_id"": ""1032420"", ""conversation_id"": ""1032419"", ""message"": ""@user I've tried countless ways to log in to my account. I even tried to reset my password and I get \""The CSRF token is invalid."", ""reply"": ""Hi there! We've just sent you a bit more info over DM. Let's carry on chatting there"", ""similarity"": 0.3444, ""quality"": 0.0433, ""weak_intent"": ""account_access""}]",deterministic_fallback,0.48,assistant_draft
SPOT-084,580188,representative,Hey @user India is also on the map please expand your services here too.,,trivial,billing_subscription,0.28,ESCALATE,always_human_baseline,Thanks for reaching out. A support specialist will take a look.,[],fixed,,assistant_draft
SPOT-084,580188,representative,Hey @user India is also on the map please expand your services here too.,,simple,other,0.35,ESCALATE,low_confidence,Hi Ravindra! We're launching regularly in countries around the world. Sign up here to be first to hear:  😉,"[{""pair_id"": ""2058598"", ""conversation_id"": ""2058597"", ""message"": ""@user When Your services are coming to india?"", ""reply"": ""Hi Ravindra! We're launching regularly in countries around the world. Sign up here to be first to hear: <historical-link> 😉"", ""similarity"": 0.3703, ""quality"": 0.2392, ""weak_intent"": ""other""}]",top1_copy,0.48,assistant_draft
SPOT-084,580188,representative,Hey @user India is also on the map please expand your services here too.,,main,other,0.35,ESCALATE,low_confidence,"Thanks for flagging this. I don’t have enough verified context to resolve it safely here, so I’m escalating it to a support specialist.","[{""pair_id"": ""2058598"", ""conversation_id"": ""2058597"", ""message"": ""@user When Your services are coming to india?"", ""reply"": ""Hi Ravindra! We're launching regularly in countries around the world. Sign up here to be first to hear: <historical-link> 😉"", ""similarity"": 0.3703, ""quality"": 0.2392, ""weak_intent"": ""other""}, {""pair_id"": ""1935099"", ""conversation_id"": ""1935097"", ""message"": ""@user When are you guys going to bring spotify services to India !?"", ""reply"": ""1: Hey there! We're afraid we don't have any more info to share on this right now, but we're launching regularly in countries around... 2: the world. Sign up here to be first to hear: <historical-link> 🙂"", ""similarity"": 0.3486, ""quality"": 0.35, ""weak_intent"": ""other""}, {""pair_id"": ""932757"", ""conversation_id"": ""932756"", ""message"": ""@user @user are you going to launch your services in INDIA?"", ""reply"": ""Hey Yogesh! We're launching in new countries as often as possible. Be sure to add your email at <historical-link>"", ""similarity"": 0.3415, ""quality"": 0.2197, ""weak_intent"": ""other""}]",deterministic_fallback,0.48,assistant_draft
SPOT-085,2917815,representative,@user @user Not working in U.K.,,trivial,billing_subscription,0.28,ESCALATE,always_human_baseline,Thanks for reaching out. A support specialist will take a look.,[],fixed,,assistant_draft
SPOT-085,2917815,representative,@user @user Not working in U.K.,,simple,playback_technical,0.7216,ESCALATE,missing_context,"Hey, glad to hear it's working now! If there's anything else you need, just give us a shout","[{""pair_id"": ""1694948"", ""conversation_id"": ""1694947"", ""message"": ""@user Working now"", ""reply"": ""Hey, glad to hear it's working now! If there's anything else you need, just give us a shout"", ""similarity"": 0.5362, ""quality"": 0.1769, ""weak_intent"": ""other""}]",top1_copy,0.48,assistant_draft
SPOT-085,2917815,representative,@user @user Not working in U.K.,,main,playback_technical,0.7216,ESCALATE,missing_context,"Thanks for flagging this. I don’t have enough verified context to resolve it safely here, so I’m escalating it to a support specialist.","[{""pair_id"": ""1694948"", ""conversation_id"": ""1694947"", ""message"": ""@user Working now"", ""reply"": ""Hey, glad to hear it's working now! If there's anything else you need, just give us a shout"", ""similarity"": 0.5362, ""quality"": 0.1769, ""weak_intent"": ""other""}, {""pair_id"": ""1330115"", ""conversation_id"": ""1330114"", ""message"": ""@user @user album in the U.K.???"", ""reply"": ""Hey! We've just sent you a bit more info over DM. We'll carry on helping out there"", ""similarity"": 0.4934, ""quality"": 0.0394, ""weak_intent"": ""content_catalog""}, {""pair_id"": ""1435272"", ""conversation_id"": ""1435270"", ""message"": ""@user It dont know why it is not working <URL>"", ""reply"": ""Thanks for the info. To cover all bases, could you try logging out, restarting your devices, then logging back in?"", ""similarity"": 0.3871, ""quality"": 0.7617, ""weak_intent"": ""playback_technical""}]",deterministic_fallback,0.48,assistant_draft
SPOT-087,2929838,representative,@user Does this applies for existing Premium users too? 🤔,,trivial,billing_subscription,0.28,ESCALATE,always_human_baseline,Thanks for reaching out. A support specialist will take a look.,[],fixed,,assistant_draft
SPOT-087,2929838,representative,@user Does this applies for existing Premium users too? 🤔,,simple,billing_subscription,0.7028,ESCALATE,billing_or_refund,Hey Marty! Could you DM us your Spotify account's email address? We'll take a look under the hood /BH,"[{""pair_id"": ""189864"", ""conversation_id"": ""189864"", ""message"": ""@user How do I add this discount to my existing premium account?"", ""reply"": ""Hey Marty! Could you DM us your Spotify account's email address? We'll take a look under the hood /BH <historical-link>"", ""similarity"": 0.437, ""quality"": 0.2914, ""weak_intent"": ""billing_subscription""}]",top1_copy,0.48,assistant_draft
SPOT-087,2929838,representative,@user Does this applies for existing Premium users too? 🤔,,main,billing_subscription,0.7028,ESCALATE,billing_or_refund,I’m sorry you’re dealing with this. A support specialist should review it securely—please don’t post account or payment details publicly.,"[{""pair_id"": ""189864"", ""conversation_id"": ""189864"", ""message"": ""@user How do I add this discount to my existing premium account?"", ""reply"": ""Hey Marty! Could you DM us your Spotify account's email address? We'll take a look under the hood /BH <historical-link>"", ""similarity"": 0.437, ""quality"": 0.2914, ""weak_intent"": ""billing_subscription""}, {""pair_id"": ""1435943"", ""conversation_id"": ""1435942"", ""message"": ""@user how do i add my NUS card to my existing premium account please?"", ""reply"": ""Hi there! Can you DM us your account's username or email address? We'll take a look under the hood /JM <historical-link>"", ""similarity"": 0.3821, ""quality"": 0.2933, ""weak_intent"": ""account_access""}, {""pair_id"": ""2285554"", ""conversation_id"": ""2285553"", ""message"": ""@user Would you be able to still get the discount with an already existing premium account?"", ""reply"": ""Hey there! Can you DM us your account's email address or username? We'll take a look backstage /NQ <historical-link>"", ""similarity"": 0.3308, ""quality"": 0.2856, ""weak_intent"": ""billing_subscription""}]",deterministic_fallback,0.48,assistant_draft
SPOT-089,2929789,representative,@user Yes thank you! Kinda wish you could choose to see history of song or view full lyrics. But the @user works best I guess. TY!,"Hey! Can you check if you're listening to a Genius-powered track, and try following these steps <historical-link> Let us know how it goes",trivial,billing_subscription,0.28,ESCALATE,always_human_baseline,Thanks for reaching out. A support specialist will take a look.,[],fixed,,assistant_draft
SPOT-089,2929789,representative,@user Yes thank you! Kinda wish you could choose to see history of song or view full lyrics. But the @user works best I guess. TY!,"Hey! Can you check if you're listening to a Genius-powered track, and try following these steps <historical-link> Let us know how it goes",simple,content_catalog,0.6419,AUTO_HANDLE,none,Hey there! Can you let us know the device/OS you’re using? We'll see what we can suggest,"[{""pair_id"": ""664682"", ""conversation_id"": ""664677"", ""message"": ""I need @user to have in app lyrics. 😫"", ""reply"": ""Hey there! Can you let us know the device/OS you’re using? We'll see what we can suggest"", ""similarity"": 0.3155, ""quality"": 0.3511, ""weak_intent"": ""content_catalog""}]",top1_copy,0.48,assistant_draft
SPOT-089,2929789,representative,@user Yes thank you! Kinda wish you could choose to see history of song or view full lyrics. But the @user works best I guess. TY!,"Hey! Can you check if you're listening to a Genius-powered track, and try following these steps <historical-link> Let us know how it goes",main,content_catalog,0.6419,AUTO_HANDLE,none,Thanks for reporting this. Please share the artist and release name (not account details) so the catalog issue can be checked.,"[{""pair_id"": ""664682"", ""conversation_id"": ""664677"", ""message"": ""I need @user to have in app lyrics. 😫"", ""reply"": ""Hey there! Can you let us know the device/OS you’re using? We'll see what we can suggest"", ""similarity"": 0.3155, ""quality"": 0.3511, ""weak_intent"": ""content_catalog""}, {""pair_id"": ""1521694"", ""conversation_id"": ""1521693"", ""message"": ""@user full lyrics for songs on the app please"", ""reply"": ""1: Hey there! Lyrics is currently unavailable as we're making some big improvements to the feature... 2: We have more info about this here: <historical-link> Let us know if you have any questions"", ""similarity"": 0.2833, ""quality"": 0.53, ""weak_intent"": ""content_catalog""}, {""pair_id"": ""807397"", ""conversation_id"": ""807396"", ""message"": ""💡: @user search by lyrics."", ""reply"": ""Hey Liza! We can see how that’d be handy. Thanks for taking the time to reach out – your feedback's been noted 📝"", ""similarity"": 0.2982, ""quality"": 0.2178, ""weak_intent"": ""content_catalog""}]",deterministic_fallback,0.48,assistant_draft
SPOT-091,574287,representative,@user how i'm gonna pay to subscribe premium if i don't have any credit card or molpoint?,,trivial,billing_subscription,0.28,ESCALATE,always_human_baseline,Thanks for reaching out. A support specialist will take a look.,[],fixed,,assistant_draft
SPOT-091,574287,representative,@user how i'm gonna pay to subscribe premium if i don't have any credit card or molpoint?,,simple,billing_subscription,0.9,ESCALATE,billing_or_refund,Sorry to hear that! Check out the steps under “Downloads unexpectedly removed” at  They should help with this,"[{""pair_id"": ""2165586"", ""conversation_id"": ""2165583"", ""message"": ""@user Im a premium subscriber"", ""reply"": ""Sorry to hear that! Check out the steps under “Downloads unexpectedly removed” at <historical-link> They should help with this"", ""similarity"": 0.3963, ""quality"": 0.425, ""weak_intent"": ""billing_subscription""}]",top1_copy,0.48,assistant_draft
SPOT-091,574287,representative,@user how i'm gonna pay to subscribe premium if i don't have any credit card or molpoint?,,main,billing_subscription,0.9,ESCALATE,billing_or_refund,I’m sorry you’re dealing with this. A support specialist should review it securely—please don’t post account or payment details publicly.,"[{""pair_id"": ""2165586"", ""conversation_id"": ""2165583"", ""message"": ""@user Im a premium subscriber"", ""reply"": ""Sorry to hear that! Check out the steps under “Downloads unexpectedly removed” at <historical-link> They should help with this"", ""similarity"": 0.3963, ""quality"": 0.425, ""weak_intent"": ""billing_subscription""}, {""pair_id"": ""1998319"", ""conversation_id"": ""1998318"", ""message"": ""@user why do we have to have a credit card😥😢😰"", ""reply"": ""Hey Christian! We also accept e-gift cards as well as PayPal to pay for your Premium subscription. Any questions, give us a shout"", ""similarity"": 0.4048, ""quality"": 0.2508, ""weak_intent"": ""billing_subscription""}, {""pair_id"": ""1427229"", ""conversation_id"": ""1427227"", ""message"": ""@user can i subscribe to premium for student with my debit card?"", ""reply"": ""Hey Fika, help's here! Can you DM us your account's email address? We'll check backstage /MO <historical-link>"", ""similarity"": 0.3634, ""quality"": 0.4539, ""weak_intent"": ""billing_subscription""}]",deterministic_fallback,0.48,assistant_draft
SPOT-092,89565,representative,nako spotify,,trivial,billing_subscription,0.28,ESCALATE,always_human_baseline,Thanks for reaching out. A support specialist will take a look.,[],fixed,,assistant_draft
SPOT-092,89565,representative,nako spotify,,simple,other,0.35,ESCALATE,missing_context,ツイート拝見しました。Freeユーザーでスマホをご利用の場合はシャッフル再生となりますが、時間制限なしでお楽しみいただけます。タブレットやパソコンではシャッフルなしで15時間/30日までご利用いただけます。詳しくはこちら→,"[{""pair_id"": ""1855121"", ""conversation_id"": ""1855119"", ""message"": ""@user ただspotifyは無料会員だと、シャッフルでしか再生できなかったり途中で関係ない曲入れられたり早送りが５曲？くらいまでしかできなくて慣れるまで少しイライラします笑"", ""reply"": ""ツイート拝見しました。Freeユーザーでスマホをご利用の場合はシャッフル再生となりますが、時間制限なしでお楽しみいただけます。タブレットやパソコンではシャッフルなしで15時間/30日までご利用いただけます。詳しくはこちら→ <historical-link>"", ""similarity"": 0.3763, ""quality"": 0.0508, ""weak_intent"": ""other""}]",top1_copy,0.48,assistant_draft
SPOT-092,89565,representative,nako spotify,,main,other,0.35,ESCALATE,missing_context,"Thanks for flagging this. I don’t have enough verified context to resolve it safely here, so I’m escalating it to a support specialist.","[{""pair_id"": ""1855121"", ""conversation_id"": ""1855119"", ""message"": ""@user ただspotifyは無料会員だと、シャッフルでしか再生できなかったり途中で関係ない曲入れられたり早送りが５曲？くらいまでしかできなくて慣れるまで少しイライラします笑"", ""reply"": ""ツイート拝見しました。Freeユーザーでスマホをご利用の場合はシャッフル再生となりますが、時間制限なしでお楽しみいただけます。タブレットやパソコンではシャッフルなしで15時間/30日までご利用いただけます。詳しくはこちら→ <historical-link>"", ""similarity"": 0.3763, ""quality"": 0.0508, ""weak_intent"": ""other""}, {""pair_id"": ""189397"", ""conversation_id"": ""189396"", ""message"": ""@user how can i be on spotify"", ""reply"": ""Hi! We've just sent you a bit more info over DM. We'll carry on helping out there"", ""similarity"": 0.3215, ""quality"": 0.0375, ""weak_intent"": ""other""}, {""pair_id"": ""52337"", ""conversation_id"": ""52334"", ""message"": ""@user spotify pls :("", ""reply"": ""Hey there! We can see how that’d be handy. Thanks for taking the time to reach out – your feedback's been noted 📝"", ""similarity"": 0.2976, ""quality"": 0.2197, ""weak_intent"": ""other""}]",deterministic_fallback,0.48,assistant_draft
SPOT-096,2984762,representative,@user No on the shuffle of the band,"Hey there! We hear you. Just to check, did this song appear at the end of your playlist?",trivial,billing_subscription,0.28,ESCALATE,always_human_baseline,Thanks for reaching out. A support specialist will take a look.,[],fixed,,assistant_draft
SPOT-096,2984762,representative,@user No on the shuffle of the band,"Hey there! We hear you. Just to check, did this song appear at the end of your playlist?",simple,playlist_library,0.9,ESCALATE,missing_context,Hey there! This doesn't sound good. What issues are you having and on what device? We'll see what we can suggest 🙂,"[{""pair_id"": ""257219"", ""conversation_id"": ""257218"", ""message"": ""fix your shuffle button @user"", ""reply"": ""Hey there! This doesn't sound good. What issues are you having and on what device? We'll see what we can suggest 🙂"", ""similarity"": 0.5245, ""quality"": 0.4017, ""weak_intent"": ""playlist_library""}]",top1_copy,0.48,assistant_draft
SPOT-096,2984762,representative,@user No on the shuffle of the band,"Hey there! We hear you. Just to check, did this song appear at the end of your playlist?",main,playlist_library,0.9,ESCALATE,missing_context,"Thanks for flagging this. I don’t have enough verified context to resolve it safely here, so I’m escalating it to a support specialist.","[{""pair_id"": ""257219"", ""conversation_id"": ""257218"", ""message"": ""fix your shuffle button @user"", ""reply"": ""Hey there! This doesn't sound good. What issues are you having and on what device? We'll see what we can suggest 🙂"", ""similarity"": 0.5245, ""quality"": 0.4017, ""weak_intent"": ""playlist_library""}, {""pair_id"": ""1944537"", ""conversation_id"": ""1944536"", ""message"": ""Why is shuffle on @user so awful?"", ""reply"": ""Hey! We’ve recently made some improvements to our shuffle algorithm. We’d love to hear your feedback here: <historical-link>"", ""similarity"": 0.5274, ""quality"": 0.2411, ""weak_intent"": ""playlist_library""}, {""pair_id"": ""2349653"", ""conversation_id"": ""2349652"", ""message"": ""@user Is there a way to shuffle all artists?"", ""reply"": ""1: Hey Tony! We're afraid shuffling while listening to Your Music under the Artist category will only shuffle the music of that artist 2: You can always shuffle the songs in Your Library or specific playlists to listen to different artists"", ""similarity"": 0.4862, ""quality"": 0.35, ""weak_intent"": ""playlist_library""}]",deterministic_fallback,0.48,assistant_draft
SPOT-097,507426,representative,"@user Hi, seem to be going around in circles to register for premium. Says my email address is taken, but won't send a password reset link stating ""looks like you're trying to log in with facebook""? Please help",,trivial,billing_subscription,0.28,ESCALATE,always_human_baseline,Thanks for reaching out. A support specialist will take a look.,[],fixed,,assistant_draft
SPOT-097,507426,representative,"@user Hi, seem to be going around in circles to register for premium. Says my email address is taken, but won't send a password reset link stating ""looks like you're trying to log in with facebook""? Please help",,simple,account_access,0.9,ESCALATE,account_or_security,Hey Kyle! Help's here. Can you DM us your account's email address? We'll take a look backstage /DD,"[{""pair_id"": ""745919"", ""conversation_id"": ""745918"", ""message"": ""@user forgot my password when trying to reset it, it tells me I'm trying to log in with Facebook and won't send me a reset link"", ""reply"": ""Hey Kyle! Help's here. Can you DM us your account's email address? We'll take a look backstage /DD <historical-link>"", ""similarity"": 0.4238, ""quality"": 0.2856, ""weak_intent"": ""account_access""}]",top1_copy,0.48,assistant_draft
SPOT-097,507426,representative,"@user Hi, seem to be going around in circles to register for premium. Says my email address is taken, but won't send a password reset link stating ""looks like you're trying to log in with facebook""? Please help",,main,account_access,0.9,ESCALATE,account_or_security,I’m sorry you’re dealing with this. A support specialist should review it securely—please don’t post account or payment details publicly.,"[{""pair_id"": ""745919"", ""conversation_id"": ""745918"", ""message"": ""@user forgot my password when trying to reset it, it tells me I'm trying to log in with Facebook and won't send me a reset link"", ""reply"": ""Hey Kyle! Help's here. Can you DM us your account's email address? We'll take a look backstage /DD <historical-link>"", ""similarity"": 0.4238, ""quality"": 0.2856, ""weak_intent"": ""account_access""}, {""pair_id"": ""803199"", ""conversation_id"": ""803198"", ""message"": ""@user I can’t log in and when I try to reset my password it says my address isn’t registered. It is. Help me please"", ""reply"": ""Hey Iain! Can you DM us your account's email address and username? We'll take a look backstage /SU <historical-link>"", ""similarity"": 0.4054, ""quality"": 0.2856, ""weak_intent"": ""account_access""}, {""pair_id"": ""1848636"", ""conversation_id"": ""1848635"", ""message"": ""@user trying to reset my password but wont send it to my email"", ""reply"": ""Hi there! That doesn't sound good. Can you DM us your account's email address? We'll take a look under the hood /QI <historical-link>"", ""similarity"": 0.3963, ""quality"": 0.3186, ""weak_intent"": ""account_access""}]",deterministic_fallback,0.48,assistant_draft
SPOT-098,2928676,representative,"@user If you really love students, then why is there only college students only instead for all students? Be specific next time with your stupid ass ads. I'm in high school and today you guys ruined my day trying to listen some music with premium.",,trivial,billing_subscription,0.28,ESCALATE,always_human_baseline,Thanks for reaching out. A support specialist will take a look.,[],fixed,,assistant_draft
SPOT-098,2928676,representative,"@user If you really love students, then why is there only college students only instead for all students? Be specific next time with your stupid ass ads. I'm in high school and today you guys ruined my day trying to listen some music with premium.",,simple,billing_subscription,0.8278,ESCALATE,billing_or_refund,"1: Hey there! Students must be actively in term at their college/university to be eligible to apply the discount. If they try to sign... 2: up during the holidays, or before their term begins they are likely to be declined. More info here:","[{""pair_id"": ""2071597"", ""conversation_id"": ""2071596"", ""message"": ""@user does your student offer for both premium and hulu apply to high school students or only college students?"", ""reply"": ""1: Hey there! Students must be actively in term at their college/university to be eligible to apply the discount. If they try to sign... 2: up during the holidays, or before their term begins they are likely to be declined. More info here: <historical-link>"", ""similarity"": 0.5158, ""quality"": 0.53, ""weak_intent"": ""billing_subscription""}]",top1_copy,0.48,assistant_draft
SPOT-098,2928676,representative,"@user If you really love students, then why is there only college students only instead for all students? Be specific next time with your stupid ass ads. I'm in high school and today you guys ruined my day trying to listen some music with premium.",,main,billing_subscription,0.8278,ESCALATE,billing_or_refund,I’m sorry you’re dealing with this. A support specialist should review it securely—please don’t post account or payment details publicly.,"[{""pair_id"": ""2071597"", ""conversation_id"": ""2071596"", ""message"": ""@user does your student offer for both premium and hulu apply to high school students or only college students?"", ""reply"": ""1: Hey there! Students must be actively in term at their college/university to be eligible to apply the discount. If they try to sign... 2: up during the holidays, or before their term begins they are likely to be declined. More info here: <historical-link>"", ""similarity"": 0.5158, ""quality"": 0.53, ""weak_intent"": ""billing_subscription""}, {""pair_id"": ""651747"", ""conversation_id"": ""651746"", ""message"": ""@user Are college students the only ones applicable to the student discount? how about us High School students? 😢"", ""reply"": ""1: Hi! The student discount is only available for students currently enrolled in an accredited college or... 2: university. More info at <historical-link>"", ""similarity"": 0.4466, ""quality"": 0.4911, ""weak_intent"": ""billing_subscription""}, {""pair_id"": ""1264687"", ""conversation_id"": ""1264685"", ""message"": ""@user why do only college students get a discount? what about high school students? we enjoy music too...☹️😥"", ""reply"": ""Hi! This isn't possible right now. Don't worry, we'll let the right folks know this is something you'd like to see"", ""similarity"": 0.4584, ""quality"": 0.2217, ""weak_intent"": ""billing_subscription""}]",deterministic_fallback,0.48,assistant_draft
SPOT-100,2883727,representative,@user I want to know if you guys charge for the month past or coming month ??? Please answer me!!,,trivial,billing_subscription,0.28,ESCALATE,always_human_baseline,Thanks for reaching out. A support specialist will take a look.,[],fixed,,assistant_draft
SPOT-100,2883727,representative,@user I want to know if you guys charge for the month past or coming month ??? Please answer me!!,,simple,billing_subscription,0.9,ESCALATE,billing_or_refund,"Hey Michael, help's here! Could you DM us your username and email address? We'll take a closer look /JQ","[{""pair_id"": ""1903246"", ""conversation_id"": ""1903245"", ""message"": ""@user I have been paying the fee for premium every month and this month I was charge the fee but I don't have premium. Help me!!"", ""reply"": ""Hey Michael, help's here! Could you DM us your username and email address? We'll take a closer look /JQ <historical-link>"", ""similarity"": 0.3936, ""quality"": 0.2953, ""weak_intent"": ""billing_subscription""}]",top1_copy,0.48,assistant_draft
SPOT-100,2883727,representative,@user I want to know if you guys charge for the month past or coming month ??? Please answer me!!,,main,billing_subscription,0.9,ESCALATE,billing_or_refund,I’m sorry you’re dealing with this. A support specialist should review it securely—please don’t post account or payment details publicly.,"[{""pair_id"": ""1903246"", ""conversation_id"": ""1903245"", ""message"": ""@user I have been paying the fee for premium every month and this month I was charge the fee but I don't have premium. Help me!!"", ""reply"": ""Hey Michael, help's here! Could you DM us your username and email address? We'll take a closer look /JQ <historical-link>"", ""similarity"": 0.3936, ""quality"": 0.2953, ""weak_intent"": ""billing_subscription""}, {""pair_id"": ""1286624"", ""conversation_id"": ""1286623"", ""message"": ""@user answer the dm i sent you please"", ""reply"": ""Hey Ali! We've just sent you a bit more info over DM. We'll carry on helping out there"", ""similarity"": 0.3926, ""quality"": 0.0472, ""weak_intent"": ""other""}, {""pair_id"": ""2319900"", ""conversation_id"": ""2319899"", ""message"": ""@user. You guys have charged me twice a month for the last 3three months I'm not happy dm me to fix this"", ""reply"": ""Hey there! Can you DM us your account's email address? We'll take a look backstage /RB <historical-link>"", ""similarity"": 0.3271, ""quality"": 0.2622, ""weak_intent"": ""billing_subscription""}]",deterministic_fallback,0.48,assistant_draft
SPOT-101,2831192,representative,@user @user ASAP,,trivial,billing_subscription,0.28,ESCALATE,always_human_baseline,Thanks for reaching out. A support specialist will take a look.,[],fixed,,assistant_draft
SPOT-101,2831192,representative,@user @user ASAP,,simple,other,0.35,ESCALATE,missing_context,Hi there! We've just sent you a bit more info over DM. We'll carry on helping out there,"[{""pair_id"": ""969394"", ""conversation_id"": ""969392"", ""message"": ""@user Asap pls"", ""reply"": ""Hi there! We've just sent you a bit more info over DM. We'll carry on helping out there"", ""similarity"": 0.8355, ""quality"": 0.0492, ""weak_intent"": ""other""}]",top1_copy,0.48,assistant_draft
SPOT-101,2831192,representative,@user @user ASAP,,main,other,0.35,ESCALATE,missing_context,"Thanks for flagging this. I don’t have enough verified context to resolve it safely here, so I’m escalating it to a support specialist.","[{""pair_id"": ""969394"", ""conversation_id"": ""969392"", ""message"": ""@user Asap pls"", ""reply"": ""Hi there! We've just sent you a bit more info over DM. We'll carry on helping out there"", ""similarity"": 0.8355, ""quality"": 0.0492, ""weak_intent"": ""other""}, {""pair_id"": ""2063675"", ""conversation_id"": ""2063674"", ""message"": ""@user I need help DM Asap 😭"", ""reply"": ""Hey Trav, help's here! Can you DM us your account's email address and username as well as some details about what's happening? /MQ <historical-link>"", ""similarity"": 0.6824, ""quality"": 0.3478, ""weak_intent"": ""other""}, {""pair_id"": ""1144399"", ""conversation_id"": ""1144398"", ""message"": ""@user @user y'all need to fix this asap"", ""reply"": ""We hear you! Your feedback has been noted and passed onto the team 👊🏼"", ""similarity"": 0.5826, ""quality"": 0.1342, ""weak_intent"": ""other""}]",deterministic_fallback,0.48,assistant_draft
SPOT-104,464468,representative,@user CHECK YA DMS,,trivial,billing_subscription,0.28,ESCALATE,always_human_baseline,Thanks for reaching out. A support specialist will take a look.,[],fixed,,assistant_draft
SPOT-104,464468,representative,@user CHECK YA DMS,,simple,other,0.35,ESCALATE,low_confidence,Hey! We've just sent you a bit more info over DM. We'll carry on helping out there,"[{""pair_id"": ""1592995"", ""conversation_id"": ""1592994"", ""message"": ""@user check dms"", ""reply"": ""Hey! We've just sent you a bit more info over DM. We'll carry on helping out there"", ""similarity"": 0.9152, ""quality"": 0.0394, ""weak_intent"": ""other""}]",top1_copy,0.48,assistant_draft
SPOT-104,464468,representative,@user CHECK YA DMS,,main,other,0.3816,ESCALATE,low_confidence,"Thanks for flagging this. I don’t have enough verified context to resolve it safely here, so I’m escalating it to a support specialist.","[{""pair_id"": ""1592995"", ""conversation_id"": ""1592994"", ""message"": ""@user check dms"", ""reply"": ""Hey! We've just sent you a bit more info over DM. We'll carry on helping out there"", ""similarity"": 0.9152, ""quality"": 0.0394, ""weak_intent"": ""other""}, {""pair_id"": ""2446508"", ""conversation_id"": ""2446507"", ""message"": ""@user check the dms"", ""reply"": ""Hi there! We've just sent you a bit more info over DM. We'll carry on helping out there 🙂"", ""similarity"": 0.8994, ""quality"": 0.0531, ""weak_intent"": ""other""}, {""pair_id"": ""1695020"", ""conversation_id"": ""1695018"", ""message"": ""@user please check DMs"", ""reply"": ""Hey there! Help's here. Can you let us know how we can assist? Keep us posted"", ""similarity"": 0.8209, ""quality"": 0.3297, ""weak_intent"": ""other""}]",deterministic_fallback,0.48,assistant_draft
SPOT-105,2960670,representative,Urgh @user why do you not have Kate Bush December Will Be Magic Again? <URL>,,trivial,billing_subscription,0.28,ESCALATE,always_human_baseline,Thanks for reaching out. A support specialist will take a look.,[],fixed,,assistant_draft
SPOT-105,2960670,representative,Urgh @user why do you not have Kate Bush December Will Be Magic Again? <URL>,,simple,other,0.35,ESCALATE,low_confidence,"Fingers crossed we'll be able to have it soon, but there's info about Spotify content here:","[{""pair_id"": ""826324"", ""conversation_id"": ""826323"", ""message"": ""@user Will you include December Avenue's Dahan on Spotify? Please do."", ""reply"": ""Fingers crossed we'll be able to have it soon, but there's info about Spotify content here: <historical-link>"", ""similarity"": 0.2859, ""quality"": 0.2119, ""weak_intent"": ""other""}]",top1_copy,0.48,assistant_draft
SPOT-105,2960670,representative,Urgh @user why do you not have Kate Bush December Will Be Magic Again? <URL>,,main,content_catalog,0.2723,ESCALATE,low_confidence,"Thanks for flagging this. I don’t have enough verified context to resolve it safely here, so I’m escalating it to a support specialist.","[{""pair_id"": ""826324"", ""conversation_id"": ""826323"", ""message"": ""@user Will you include December Avenue's Dahan on Spotify? Please do."", ""reply"": ""Fingers crossed we'll be able to have it soon, but there's info about Spotify content here: <historical-link>"", ""similarity"": 0.2859, ""quality"": 0.2119, ""weak_intent"": ""other""}, {""pair_id"": ""2033369"", ""conversation_id"": ""2033368"", ""message"": ""@user why is it that yall only have like 4 Kate Bush albums. No The Dreaming HOL, TSW or TRS huh so like why"", ""reply"": ""Hey! Fingers crossed they'll be available in Canada soon, but there's info on Spotify content here: <historical-link>"", ""similarity"": 0.2325, ""quality"": 0.4075, ""weak_intent"": ""content_catalog""}, {""pair_id"": ""2420225"", ""conversation_id"": ""2420224"", ""message"": ""@user I have premium but it says it’s not taking my payment till December, & won’t let me do premium things😞 I can’t wait till Dec."", ""reply"": ""Hey there, help's here! Can you DM us your account's email address and username? We'll take a look backstage /CG <historical-link>"", ""similarity"": 0.2678, ""quality"": 0.3128, ""weak_intent"": ""billing_subscription""}]",deterministic_fallback,0.48,assistant_draft
SPOT-106,2824393,representative,"@user I've linked my Spotify account to @user in the past, then I've deactivated my Facebook for over a year now, yet every time I try to sign in to Spotify, it re-activates my Facebook again!! I want to unlink my account with Facebook, I've stopped using Spotify!",,trivial,billing_subscription,0.28,ESCALATE,always_human_baseline,Thanks for reaching out. A support specialist will take a look.,[],fixed,,assistant_draft
SPOT-106,2824393,representative,"@user I've linked my Spotify account to @user in the past, then I've deactivated my Facebook for over a year now, yet every time I try to sign in to Spotify, it re-activates my Facebook again!! I want to unlink my account with Facebook, I've stopped using Spotify!",,simple,account_access,0.9,ESCALATE,account_or_security,"Hey Thomas, help's here! Can you send us your email address or username via DM? We'll check under the hood","[{""pair_id"": ""1205906"", ""conversation_id"": ""1205905"", ""message"": ""@user i cant link my spotify account with my facebook spotify account"", ""reply"": ""Hey Thomas, help's here! Can you send us your email address or username via DM? We'll check under the hood"", ""similarity"": 0.4927, ""quality"": 0.4461, ""weak_intent"": ""account_access""}]",top1_copy,0.48,assistant_draft
SPOT-106,2824393,representative,"@user I've linked my Spotify account to @user in the past, then I've deactivated my Facebook for over a year now, yet every time I try to sign in to Spotify, it re-activates my Facebook again!! I want to unlink my account with Facebook, I've stopped using Spotify!",,main,account_access,0.9,ESCALATE,account_or_security,I’m sorry you’re dealing with this. A support specialist should review it securely—please don’t post account or payment details publicly.,"[{""pair_id"": ""1205906"", ""conversation_id"": ""1205905"", ""message"": ""@user i cant link my spotify account with my facebook spotify account"", ""reply"": ""Hey Thomas, help's here! Can you send us your email address or username via DM? We'll check under the hood"", ""similarity"": 0.4927, ""quality"": 0.4461, ""weak_intent"": ""account_access""}, {""pair_id"": ""12095"", ""conversation_id"": ""12095"", ""message"": ""@user Help! I need to delete my Facebook linked account . I log in and it reactivates my Facebook 🤦🏽‍♀️"", ""reply"": ""Hey Lydia! Can you DM us your account's email address or username? We'll take a look /NS <historical-link>"", ""similarity"": 0.4867, ""quality"": 0.2661, ""weak_intent"": ""account_access""}, {""pair_id"": ""2297987"", ""conversation_id"": ""2297986"", ""message"": ""How do I open my Spotify if I deactivate my Facebook? @user"", ""reply"": ""Hey there! Can you send over your account's email address? We'll see what we can suggest"", ""similarity"": 0.4473, ""quality"": 0.3511, ""weak_intent"": ""account_access""}]",deterministic_fallback,0.48,assistant_draft
SPOT-107,500952,representative,@user Hi can't update payment info with new payment method. Tried canceling account and that didn't work either. HELP!,,trivial,billing_subscription,0.28,ESCALATE,always_human_baseline,Thanks for reaching out. A support specialist will take a look.,[],fixed,,assistant_draft
SPOT-107,500952,representative,@user Hi can't update payment info with new payment method. Tried canceling account and that didn't work either. HELP!,,simple,billing_subscription,0.9,ESCALATE,billing_or_refund,"Hey Kat, help's here. Could you DM us your account's email address or username? We'll take a look backstage /AY","[{""pair_id"": ""1818439"", ""conversation_id"": ""1818438"", ""message"": ""@user help it won’t let me update my payment info for premium"", ""reply"": ""Hey Kat, help's here. Could you DM us your account's email address or username? We'll take a look backstage /AY <historical-link>"", ""similarity"": 0.401, ""quality"": 0.3108, ""weak_intent"": ""billing_subscription""}]",top1_copy,0.48,assistant_draft
SPOT-107,500952,representative,@user Hi can't update payment info with new payment method. Tried canceling account and that didn't work either. HELP!,,main,billing_subscription,0.9,ESCALATE,billing_or_refund,I’m sorry you’re dealing with this. A support specialist should review it securely—please don’t post account or payment details publicly.,"[{""pair_id"": ""1818439"", ""conversation_id"": ""1818438"", ""message"": ""@user help it won’t let me update my payment info for premium"", ""reply"": ""Hey Kat, help's here. Could you DM us your account's email address or username? We'll take a look backstage /AY <historical-link>"", ""similarity"": 0.401, ""quality"": 0.3108, ""weak_intent"": ""billing_subscription""}, {""pair_id"": ""1913537"", ""conversation_id"": ""1913536"", ""message"": ""@user I need help!!! I can't update my payment it won't let me"", ""reply"": ""Hey Paige! Do you get an error message when trying to update? Also, can you DM us your account's email address? We'll take a look /SJ <historical-link>"", ""similarity"": 0.3912, ""quality"": 0.3536, ""weak_intent"": ""billing_subscription""}, {""pair_id"": ""1806995"", ""conversation_id"": ""1806992"", ""message"": ""@user I'm trying to update my payment method and it keeps returning me to student premium. Help!"", ""reply"": ""Hi Eric! Can you try using a different browser or an incognito/private browsing window to see if that helps? Let us know how it goes"", ""similarity"": 0.3702, ""quality"": 0.6167, ""weak_intent"": ""billing_subscription""}]",deterministic_fallback,0.48,assistant_draft
SPOT-108,93892,representative,@user Missing all together 🤦🏻‍♂️🤦🏻‍♂️🤦🏻‍♂️,"Hey there! That doesn't sound good. Just to check, are your songs removed from download or missing altogether?",trivial,billing_subscription,0.28,ESCALATE,always_human_baseline,Thanks for reaching out. A support specialist will take a look.,[],fixed,,assistant_draft
SPOT-108,93892,representative,@user Missing all together 🤦🏻‍♂️🤦🏻‍♂️🤦🏻‍♂️,"Hey there! That doesn't sound good. Just to check, are your songs removed from download or missing altogether?",simple,other,0.35,ESCALATE,low_confidence,Hey there! We understand - we’re working on it as we speak. Be sure to stay tuned,"[{""pair_id"": ""2414533"", ""conversation_id"": ""2414531"", ""message"": ""@user @user second iOS update and still no iPhone X support 🤦🏻‍♂️"", ""reply"": ""Hey there! We understand - we’re working on it as we speak. Be sure to stay tuned"", ""similarity"": 0.4201, ""quality"": 0.1575, ""weak_intent"": ""device_connectivity""}]",top1_copy,0.48,assistant_draft
SPOT-108,93892,representative,@user Missing all together 🤦🏻‍♂️🤦🏻‍♂️🤦🏻‍♂️,"Hey there! That doesn't sound good. Just to check, are your songs removed from download or missing altogether?",main,other,0.35,ESCALATE,low_confidence,"Thanks for flagging this. I don’t have enough verified context to resolve it safely here, so I’m escalating it to a support specialist.","[{""pair_id"": ""2414533"", ""conversation_id"": ""2414531"", ""message"": ""@user @user second iOS update and still no iPhone X support 🤦🏻‍♂️"", ""reply"": ""Hey there! We understand - we’re working on it as we speak. Be sure to stay tuned"", ""similarity"": 0.4201, ""quality"": 0.1575, ""weak_intent"": ""device_connectivity""}, {""pair_id"": ""905298"", ""conversation_id"": ""905297"", ""message"": ""@user This is the third time that all my songs delete itself... 🤦🏻‍♂️"", ""reply"": ""Hey, help's here! Could you DM us your username and email address? We'll take a look backstage 🔍"", ""similarity"": 0.381, ""quality"": 0.2467, ""weak_intent"": ""playlist_library""}, {""pair_id"": ""1371861"", ""conversation_id"": ""1371860"", ""message"": ""Hey @user get your shit together I'm missing out on episode 1 of @user over here"", ""reply"": ""Hey! We’re working hard with rights holders to get more of the best content on the service. Stay tuned"", ""similarity"": 0.3032, ""quality"": 0.1983, ""weak_intent"": ""other""}]",deterministic_fallback,0.48,assistant_draft
SPOT-111,565410,representative,"@user i can't loggin into my account. I can't recover my password either (see error bellow) i'm a premium member an i can't use the service, please help. <URL>",,trivial,billing_subscription,0.28,ESCALATE,always_human_baseline,Thanks for reaching out. A support specialist will take a look.,[],fixed,,assistant_draft
SPOT-111,565410,representative,"@user i can't loggin into my account. I can't recover my password either (see error bellow) i'm a premium member an i can't use the service, please help. <URL>",,simple,account_access,0.9,ESCALATE,account_or_security,"Hi Ashley, help's here! Can you DM us your account's username or email address? We'll take a look backstage /DV","[{""pair_id"": ""2069705"", ""conversation_id"": ""2069704"", ""message"": ""@user I can't remember my password/email I used on my phone and I made a premium account using my student discount. How do I recover it?"", ""reply"": ""Hi Ashley, help's here! Can you DM us your account's username or email address? We'll take a look backstage /DV <historical-link>"", ""similarity"": 0.3876, ""quality"": 0.3108, ""weak_intent"": ""account_access""}]",top1_copy,0.48,assistant_draft
SPOT-111,565410,representative,"@user i can't loggin into my account. I can't recover my password either (see error bellow) i'm a premium member an i can't use the service, please help. <URL>",,main,account_access,0.9,ESCALATE,account_or_security,I’m sorry you’re dealing with this. A support specialist should review it securely—please don’t post account or payment details publicly.,"[{""pair_id"": ""2069705"", ""conversation_id"": ""2069704"", ""message"": ""@user I can't remember my password/email I used on my phone and I made a premium account using my student discount. How do I recover it?"", ""reply"": ""Hi Ashley, help's here! Can you DM us your account's username or email address? We'll take a look backstage /DV <historical-link>"", ""similarity"": 0.3876, ""quality"": 0.3108, ""weak_intent"": ""account_access""}, {""pair_id"": ""79413"", ""conversation_id"": ""79413"", ""message"": ""@user Error 404. Can't sign into my account. Please help."", ""reply"": ""Hi there, sorry to hear about that! We'll be sure to carry on helping out via DM"", ""similarity"": 0.3898, ""quality"": 0.0356, ""weak_intent"": ""account_access""}, {""pair_id"": ""1933258"", ""conversation_id"": ""1933257"", ""message"": ""@user I can't login to my account & I can't find a customer service. Please help. NEED MUSIC"", ""reply"": ""Hi Kelly, help's here! Can you DM us your account's username or email address? We'll take a look and see what we can suggest /MC <historical-link>"", ""similarity"": 0.3572, ""quality"": 0.3439, ""weak_intent"": ""account_access""}]",deterministic_fallback,0.48,assistant_draft
SPOT-112,2973970,representative,@user I was wondering what are the chances of Spotify adding King Crimson’s discography/studio albums.,,trivial,billing_subscription,0.28,ESCALATE,always_human_baseline,Thanks for reaching out. A support specialist will take a look.,[],fixed,,assistant_draft
SPOT-112,2973970,representative,@user I was wondering what are the chances of Spotify adding King Crimson’s discography/studio albums.,,simple,content_catalog,0.6934,AUTO_HANDLE,none,We'd love to have them on Spotify! Hopefully we will in the future. Check this out:,"[{""pair_id"": ""853092"", ""conversation_id"": ""853087"", ""message"": ""Why is King Crimson not on Spotify come on man @user"", ""reply"": ""We'd love to have them on Spotify! Hopefully we will in the future. Check this out: <historical-link>"", ""similarity"": 0.4086, ""quality"": 0.3764, ""weak_intent"": ""other""}]",top1_copy,0.48,assistant_draft
SPOT-112,2973970,representative,@user I was wondering what are the chances of Spotify adding King Crimson’s discography/studio albums.,,main,content_catalog,0.6934,AUTO_HANDLE,none,Thanks for reporting this. Please share the artist and release name (not account details) so the catalog issue can be checked.,"[{""pair_id"": ""853092"", ""conversation_id"": ""853087"", ""message"": ""Why is King Crimson not on Spotify come on man @user"", ""reply"": ""We'd love to have them on Spotify! Hopefully we will in the future. Check this out: <historical-link>"", ""similarity"": 0.4086, ""quality"": 0.3764, ""weak_intent"": ""other""}, {""pair_id"": ""401764"", ""conversation_id"": ""401763"", ""message"": ""@user put rbd discography on spotify pls:("", ""reply"": ""Hey Victoria, we'd love to have them on Spotify! Hopefully we will in the future. Check this out: <historical-link>"", ""similarity"": 0.3561, ""quality"": 0.4036, ""weak_intent"": ""other""}, {""pair_id"": ""2141755"", ""conversation_id"": ""2141754"", ""message"": ""@user add RBD’s entire discography please"", ""reply"": ""Hey there! We’d love to have all of their stuff available, but we have some info about content here: <historical-link>"", ""similarity"": 0.3147, ""quality"": 0.4094, ""weak_intent"": ""other""}]",deterministic_fallback,0.48,assistant_draft
SPOT-114,2915249,representative,It's 2017. Why can't @user let me move my songs on my playlists without making me delete and re-add them?,,trivial,billing_subscription,0.28,ESCALATE,always_human_baseline,Thanks for reaching out. A support specialist will take a look.,[],fixed,,assistant_draft
SPOT-114,2915249,representative,It's 2017. Why can't @user let me move my songs on my playlists without making me delete and re-add them?,,simple,playlist_library,0.895,AUTO_HANDLE,none,"Hey Lizbeth, help's here! Are you getting any error messages when you try to add playlists? A screenshot would also be helpful","[{""pair_id"": ""2461399"", ""conversation_id"": ""2461397"", ""message"": ""Why can't I add a song to my playlist @user @user"", ""reply"": ""Hey Lizbeth, help's here! Are you getting any error messages when you try to add playlists? A screenshot would also be helpful"", ""similarity"": 0.3201, ""quality"": 0.425, ""weak_intent"": ""playlist_library""}]",top1_copy,0.48,assistant_draft
SPOT-114,2915249,representative,It's 2017. Why can't @user let me move my songs on my playlists without making me delete and re-add them?,,main,playlist_library,0.895,AUTO_HANDLE,none,"I can help with that. Which device are you using, and does the same playlist or library issue appear in the web player?","[{""pair_id"": ""2461399"", ""conversation_id"": ""2461397"", ""message"": ""Why can't I add a song to my playlist @user @user"", ""reply"": ""Hey Lizbeth, help's here! Are you getting any error messages when you try to add playlists? A screenshot would also be helpful"", ""similarity"": 0.3201, ""quality"": 0.425, ""weak_intent"": ""playlist_library""}, {""pair_id"": ""2983684"", ""conversation_id"": ""2983683"", ""message"": ""@user songs keep disappearing out of my playlists, I keep needing to re-add them every time, how come?"", ""reply"": ""Hey! Can you DM us your account's email address? We'll see what we can suggest /CB <historical-link>"", ""similarity"": 0.3203, ""quality"": 0.2544, ""weak_intent"": ""playlist_library""}, {""pair_id"": ""2004206"", ""conversation_id"": ""2004205"", ""message"": ""@user let me delete songs off my personal playlists from my iPhone pleaseee"", ""reply"": ""Hey there! Are you getting any error messages when you try deleting tracks? If so, a screenshot of it would be handy. We'll check it out"", ""similarity"": 0.2978, ""quality"": 0.6244, ""weak_intent"": ""playlist_library""}]",deterministic_fallback,0.48,assistant_draft
SPOT-116,2916591,representative,@user @user @user @user No my Spotify isn’t working at all and I’m pissed,,trivial,billing_subscription,0.28,ESCALATE,always_human_baseline,Thanks for reaching out. A support specialist will take a look.,[],fixed,,assistant_draft
SPOT-116,2916591,representative,@user @user @user @user No my Spotify isn’t working at all and I’m pissed,,simple,other,0.35,ESCALATE,low_confidence,"Hi Barry, help's arrived! Could you DM us your username and email address? We'll take a closer look 🔍","[{""pair_id"": ""115254"", ""conversation_id"": ""115254"", ""message"": ""@user @user My Spotify premium still isn’t working and I was charged twice 🤧😡"", ""reply"": ""Hi Barry, help's arrived! Could you DM us your username and email address? We'll take a closer look 🔍"", ""similarity"": 0.4652, ""quality"": 0.2564, ""weak_intent"": ""billing_subscription""}]",top1_copy,0.48,assistant_draft
SPOT-116,2916591,representative,@user @user @user @user No my Spotify isn’t working at all and I’m pissed,,main,other,0.35,ESCALATE,low_confidence,"Thanks for flagging this. I don’t have enough verified context to resolve it safely here, so I’m escalating it to a support specialist.","[{""pair_id"": ""115254"", ""conversation_id"": ""115254"", ""message"": ""@user @user My Spotify premium still isn’t working and I was charged twice 🤧😡"", ""reply"": ""Hi Barry, help's arrived! Could you DM us your username and email address? We'll take a closer look 🔍"", ""similarity"": 0.4652, ""quality"": 0.2564, ""weak_intent"": ""billing_subscription""}, {""pair_id"": ""1391767"", ""conversation_id"": ""1391765"", ""message"": ""@user my web player isn’t working 🆘"", ""reply"": ""Hey there, we're here to help! Are you receiving an error of any kind in your browser? Let us know"", ""similarity"": 0.4674, ""quality"": 0.1906, ""weak_intent"": ""playback_technical""}, {""pair_id"": ""1847478"", ""conversation_id"": ""1847476"", ""message"": ""why isn my spotify working ugh"", ""reply"": ""Hey, help's arrived. Can you let us know what's happening exactly? Are you seeing any error messages? We'll see what we can suggest"", ""similarity"": 0.4109, ""quality"": 0.4347, ""weak_intent"": ""other""}]",deterministic_fallback,0.48,assistant_draft
SPOT-120,2972088,representative,.@user - Changed my CC today (nov 29) & it says everything is good for Dec 29. Does that mean I will not have my subscription until then? I need music everyday - we are a restaurant.,,trivial,billing_subscription,0.28,ESCALATE,always_human_baseline,Thanks for reaching out. A support specialist will take a look.,[],fixed,,assistant_draft
SPOT-120,2972088,representative,.@user - Changed my CC today (nov 29) & it says everything is good for Dec 29. Does that mean I will not have my subscription until then? I need music everyday - we are a restaurant.,,simple,billing_subscription,0.6684,ESCALATE,billing_or_refund,Hey Corey! Can you DM us your account's email address and username? We'll take a look backstage /SU,"[{""pair_id"": ""780385"", ""conversation_id"": ""780384"", ""message"": ""@user I cancelled my subscription at the end of sept and was charged today for my subscription."", ""reply"": ""Hey Corey! Can you DM us your account's email address and username? We'll take a look backstage /SU <historical-link>"", ""similarity"": 0.2768, ""quality"": 0.2875, ""weak_intent"": ""billing_subscription""}]",top1_copy,0.48,assistant_draft
SPOT-120,2972088,representative,.@user - Changed my CC today (nov 29) & it says everything is good for Dec 29. Does that mean I will not have my subscription until then? I need music everyday - we are a restaurant.,,main,billing_subscription,0.6684,ESCALATE,billing_or_refund,I’m sorry you’re dealing with this. A support specialist should review it securely—please don’t post account or payment details publicly.,"[{""pair_id"": ""780385"", ""conversation_id"": ""780384"", ""message"": ""@user I cancelled my subscription at the end of sept and was charged today for my subscription."", ""reply"": ""Hey Corey! Can you DM us your account's email address and username? We'll take a look backstage /SU <historical-link>"", ""similarity"": 0.2768, ""quality"": 0.2875, ""weak_intent"": ""billing_subscription""}, {""pair_id"": ""2039262"", ""conversation_id"": ""2039261"", ""message"": ""@user my Premium subscription has stopped & doesn't restart until end of month. Can you help?"", ""reply"": ""Hi Chris! Help's here. Can you DM us your account's username or email address? We'll check things backstage /MU <historical-link>"", ""similarity"": 0.2585, ""quality"": 0.4908, ""weak_intent"": ""billing_subscription""}, {""pair_id"": ""2071740"", ""conversation_id"": ""2071739"", ""message"": "".@user why is my student subscription not working for Hulu?"", ""reply"": ""Hey! What's happening exactly? Can you also DM us your account's username or email address? We'll check things out for you /YM <historical-link>"", ""similarity"": 0.2365, ""quality"": 0.52, ""weak_intent"": ""billing_subscription""}]",deterministic_fallback,0.48,assistant_draft
SPOT-122,2981122,representative,@user I'm having problems with Spotify on Apple CarPlay. It was working brilliantly until yesterday but now the screen in my car is completely blank when I go to the Spotify app. It can still play music but I have to control it from my phone. Can you help?,,trivial,billing_subscription,0.28,ESCALATE,always_human_baseline,Thanks for reaching out. A support specialist will take a look.,[],fixed,,assistant_draft
SPOT-122,2981122,representative,@user I'm having problems with Spotify on Apple CarPlay. It was working brilliantly until yesterday but now the screen in my car is completely blank when I go to the Spotify app. It can still play music but I have to control it from my phone. Can you help?,,simple,device_connectivity,0.645,AUTO_HANDLE,none,"Gotcha. Can you try logging out, restarting your phone, then logging back in to see if that helps? Keep us posted","[{""pair_id"": ""693709"", ""conversation_id"": ""693707"", ""message"": ""@user Thx! Was using an iPhone 6s & iOS 11.0.2. The music played, but there was no “now playing” on the carplay screen..had to control from my 📱"", ""reply"": ""Gotcha. Can you try logging out, restarting your phone, then logging back in to see if that helps? Keep us posted"", ""similarity"": 0.293, ""quality"": 0.7597, ""weak_intent"": ""device_connectivity""}]",top1_copy,0.48,assistant_draft
SPOT-122,2981122,representative,@user I'm having problems with Spotify on Apple CarPlay. It was working brilliantly until yesterday but now the screen in my car is completely blank when I go to the Spotify app. It can still play music but I have to control it from my phone. Can you help?,,main,device_connectivity,0.645,AUTO_HANDLE,none,"Let’s narrow this down: which two devices are involved, and are they on the same network with the latest app version?","[{""pair_id"": ""693709"", ""conversation_id"": ""693707"", ""message"": ""@user Thx! Was using an iPhone 6s & iOS 11.0.2. The music played, but there was no “now playing” on the carplay screen..had to control from my 📱"", ""reply"": ""Gotcha. Can you try logging out, restarting your phone, then logging back in to see if that helps? Keep us posted"", ""similarity"": 0.293, ""quality"": 0.7597, ""weak_intent"": ""device_connectivity""}, {""pair_id"": ""969963"", ""conversation_id"": ""969961"", ""message"": ""@user I'm having so many problems with the Spotify app on my phone with songs not playing"", ""reply"": ""Hey! Can you let us know which device and operating system you're using? Also, is this happening over WiFi or 3G/4G?"", ""similarity"": 0.3319, ""quality"": 0.5856, ""weak_intent"": ""playback_technical""}, {""pair_id"": ""2070005"", ""conversation_id"": ""2070004"", ""message"": ""@user my Spotify is having problems I have premium but it says it’s still on free"", ""reply"": ""Hey there! Can you DM us your account's email address or username? We'll check backstage /AR <historical-link>"", ""similarity"": 0.3254, ""quality"": 0.4539, ""weak_intent"": ""billing_subscription""}]",deterministic_fallback,0.48,assistant_draft
SPOT-123,83656,representative,@user Hi! Can you please check your dms?,,trivial,billing_subscription,0.28,ESCALATE,always_human_baseline,Thanks for reaching out. A support specialist will take a look.,[],fixed,,assistant_draft
SPOT-123,83656,representative,@user Hi! Can you please check your dms?,,simple,other,0.35,ESCALATE,low_confidence,Hey Ross! We've just sent you a bit more info over DM. We'll carry on helping out there,"[{""pair_id"": ""2292209"", ""conversation_id"": ""2292208"", ""message"": ""@user Hey, could you check your DMs?"", ""reply"": ""Hey Ross! We've just sent you a bit more info over DM. We'll carry on helping out there"", ""similarity"": 0.7153, ""quality"": 0.0492, ""weak_intent"": ""other""}]",top1_copy,0.48,assistant_draft
SPOT-123,83656,representative,@user Hi! Can you please check your dms?,,main,other,0.4851,ESCALATE,low_confidence,"Thanks for flagging this. I don’t have enough verified context to resolve it safely here, so I’m escalating it to a support specialist.","[{""pair_id"": ""2292209"", ""conversation_id"": ""2292208"", ""message"": ""@user Hey, could you check your DMs?"", ""reply"": ""Hey Ross! We've just sent you a bit more info over DM. We'll carry on helping out there"", ""similarity"": 0.7153, ""quality"": 0.0492, ""weak_intent"": ""other""}, {""pair_id"": ""1395859"", ""conversation_id"": ""1395858"", ""message"": ""@user please Check your dms"", ""reply"": ""Hey Nicole, we've just replied to your DM. We'll carry on helping there"", ""similarity"": 0.6643, ""quality"": 0.0181, ""weak_intent"": ""other""}, {""pair_id"": ""1695020"", ""conversation_id"": ""1695018"", ""message"": ""@user please check DMs"", ""reply"": ""Hey there! Help's here. Can you let us know how we can assist? Keep us posted"", ""similarity"": 0.6039, ""quality"": 0.3297, ""weak_intent"": ""other""}]",deterministic_fallback,0.48,assistant_draft
SPOT-126,2852995,representative,"@user I can't login, and it's saying CSRF token is invalid when I try and reset my password? What's happening! #help please DM me.",,trivial,billing_subscription,0.28,ESCALATE,always_human_baseline,Thanks for reaching out. A support specialist will take a look.,[],fixed,,assistant_draft
SPOT-126,2852995,representative,"@user I can't login, and it's saying CSRF token is invalid when I try and reset my password? What's happening! #help please DM me.",,simple,account_access,0.9,ESCALATE,account_or_security,"Hi David! Help's here. Can you DM us your account's username or email address, along with a screenshot of the error message? /MU","[{""pair_id"": ""1826719"", ""conversation_id"": ""1826718"", ""message"": ""@user @user can't reset my password enter email and keeps getting error message invalid csrf token 🤔"", ""reply"": ""Hi David! Help's here. Can you DM us your account's username or email address, along with a screenshot of the error message? /MU <historical-link>"", ""similarity"": 0.5242, ""quality"": 0.3439, ""weak_intent"": ""account_access""}]",top1_copy,0.48,assistant_draft
SPOT-126,2852995,representative,"@user I can't login, and it's saying CSRF token is invalid when I try and reset my password? What's happening! #help please DM me.",,main,account_access,0.9,ESCALATE,account_or_security,I’m sorry you’re dealing with this. A support specialist should review it securely—please don’t post account or payment details publicly.,"[{""pair_id"": ""1826719"", ""conversation_id"": ""1826718"", ""message"": ""@user @user can't reset my password enter email and keeps getting error message invalid csrf token 🤔"", ""reply"": ""Hi David! Help's here. Can you DM us your account's username or email address, along with a screenshot of the error message? /MU <historical-link>"", ""similarity"": 0.5242, ""quality"": 0.3439, ""weak_intent"": ""account_access""}, {""pair_id"": ""1780757"", ""conversation_id"": ""1780756"", ""message"": ""@user every time I try to reset my password it says something about the csrf token being invalid. Help!"", ""reply"": ""Hey! Could you send us a DM with your account's email address and username, as well as a screenshot of the error? We'll take a look /RV <historical-link>"", ""similarity"": 0.5079, ""quality"": 0.3575, ""weak_intent"": ""account_access""}, {""pair_id"": ""1659815"", ""conversation_id"": ""1659814"", ""message"": ""@user Help I try to reset my password but when I click forgot password and put in my username It says CSRF token invalid! Pls dm me!"", ""reply"": ""Hi there! We've just sent a DM your way. Let's carry on chatting there"", ""similarity"": 0.5249, ""quality"": 0.0161, ""weak_intent"": ""account_access""}]",deterministic_fallback,0.48,assistant_draft
SPOT-128,552655,representative,@user Renewed my annual sub and suddenly my link via my phone to @user seems to have gone - can you fix?,,trivial,billing_subscription,0.28,ESCALATE,always_human_baseline,Thanks for reaching out. A support specialist will take a look.,[],fixed,,assistant_draft
SPOT-128,552655,representative,@user Renewed my annual sub and suddenly my link via my phone to @user seems to have gone - can you fix?,,simple,other,0.35,ESCALATE,low_confidence,"Hey, help's here! Can you also DM us your account's email address along with the device/OS you're using? We'll get this fixed 🙂 /RR","[{""pair_id"": ""2082440"", ""conversation_id"": ""2082439"", ""message"": ""Spotify My account is suddenly missing all of my saved music and seems to have reset to a very old state. via benz145"", ""reply"": ""Hey, help's here! Can you also DM us your account's email address along with the device/OS you're using? We'll get this fixed 🙂 /RR <historical-link>"", ""similarity"": 0.3289, ""quality"": 0.3497, ""weak_intent"": ""account_access""}]",top1_copy,0.48,assistant_draft
SPOT-128,552655,representative,@user Renewed my annual sub and suddenly my link via my phone to @user seems to have gone - can you fix?,,main,other,0.35,ESCALATE,low_confidence,"Thanks for flagging this. I don’t have enough verified context to resolve it safely here, so I’m escalating it to a support specialist.","[{""pair_id"": ""2082440"", ""conversation_id"": ""2082439"", ""message"": ""Spotify My account is suddenly missing all of my saved music and seems to have reset to a very old state. via benz145"", ""reply"": ""Hey, help's here! Can you also DM us your account's email address along with the device/OS you're using? We'll get this fixed 🙂 /RR <historical-link>"", ""similarity"": 0.3289, ""quality"": 0.3497, ""weak_intent"": ""account_access""}, {""pair_id"": ""39742"", ""conversation_id"": ""39742"", ""message"": ""@user android Spotify suddenly demanding a login. Long time premium user. Renewed 10 days ago. What gives?"", ""reply"": ""Hi there! Can you tell us more about what's going on? If you could DM us your account's email address, we'll check things backstage /CP <historical-link>"", ""similarity"": 0.3047, ""quality"": 0.5375, ""weak_intent"": ""account_access""}, {""pair_id"": ""738137"", ""conversation_id"": ""738136"", ""message"": ""@user My account is suddenly missing all of my saved music and seems to have reset to a very old state."", ""reply"": ""Hi Benjamin! We've just responded to your DM. Let's carry on chatting there /T"", ""similarity"": 0.3281, ""quality"": 0.0317, ""weak_intent"": ""account_access""}]",deterministic_fallback,0.48,assistant_draft
SPOT-129,2823505,representative,"@user I'm interested in your company's history but what's up with all these versions of the Spotify company? AB, Limited, Technology S.A, etc. I'd love to get some clarity on this topic!",,trivial,billing_subscription,0.28,ESCALATE,always_human_baseline,Thanks for reaching out. A support specialist will take a look.,[],fixed,,assistant_draft
SPOT-129,2823505,representative,"@user I'm interested in your company's history but what's up with all these versions of the Spotify company? AB, Limited, Technology S.A, etc. I'd love to get some clarity on this topic!",,simple,other,0.35,ESCALATE,low_confidence,Hi there! Can you fire over your account's email address via DM? We'll see what we can suggest /NY,"[{""pair_id"": ""1663706"", ""conversation_id"": ""1663705"", ""message"": ""@user Can I use Spotify family in company? Do you send invoice for company? Thank you"", ""reply"": ""Hi there! Can you fire over your account's email address via DM? We'll see what we can suggest /NY <historical-link>"", ""similarity"": 0.3264, ""quality"": 0.2856, ""weak_intent"": ""other""}]",top1_copy,0.48,assistant_draft
SPOT-129,2823505,representative,"@user I'm interested in your company's history but what's up with all these versions of the Spotify company? AB, Limited, Technology S.A, etc. I'd love to get some clarity on this topic!",,main,other,0.35,ESCALATE,low_confidence,"Thanks for flagging this. I don’t have enough verified context to resolve it safely here, so I’m escalating it to a support specialist.","[{""pair_id"": ""1663706"", ""conversation_id"": ""1663705"", ""message"": ""@user Can I use Spotify family in company? Do you send invoice for company? Thank you"", ""reply"": ""Hi there! Can you fire over your account's email address via DM? We'll see what we can suggest /NY <historical-link>"", ""similarity"": 0.3264, ""quality"": 0.2856, ""weak_intent"": ""other""}, {""pair_id"": ""1828726"", ""conversation_id"": ""1828725"", ""message"": ""Idk what technology @user uses when you put your playlist on shuffle but I can tell you 45% of the time my music does not shuffle 😑😐😐"", ""reply"": ""Hey! What device, operating system, and Spotify version are you on? By any chance, are you listening on shuffle via Spotify Connect?"", ""similarity"": 0.284, ""quality"": 0.4367, ""weak_intent"": ""playlist_library""}, {""pair_id"": ""1816353"", ""conversation_id"": ""1816352"", ""message"": ""@user I'd rather sit on the phone with a telecommunications company than have to deal with this shit"", ""reply"": ""Hey! You can access your artist profile with Spotify for Artists. If you don’t have access yet, request it at <historical-link>"", ""similarity"": 0.214, ""quality"": 0.2469, ""weak_intent"": ""other""}]",deterministic_fallback,0.48,assistant_draft
SPOT-130,2921954,representative,@user i tried adding local files but couldn't find the button. is this feature only available for US residents? <URL>,"Hey there, we'd love to help out! Can you let us know what's happening exactly?",trivial,billing_subscription,0.28,ESCALATE,always_human_baseline,Thanks for reaching out. A support specialist will take a look.,[],fixed,,assistant_draft
SPOT-130,2921954,representative,@user i tried adding local files but couldn't find the button. is this feature only available for US residents? <URL>,"Hey there, we'd love to help out! Can you let us know what's happening exactly?",simple,content_catalog,0.6606,AUTO_HANDLE,none,"Hi Daniel. Don't worry, help's here. Can you tell us what device, operating system, and exact app version you're using?","[{""pair_id"": ""1771331"", ""conversation_id"": ""1771330"", ""message"": ""When it's on @user but not available ♫ <URL>"", ""reply"": ""Hi Daniel. Don't worry, help's here. Can you tell us what device, operating system, and exact app version you're using?"", ""similarity"": 0.3035, ""quality"": 0.5914, ""weak_intent"": ""content_catalog""}]",top1_copy,0.48,assistant_draft
SPOT-130,2921954,representative,@user i tried adding local files but couldn't find the button. is this feature only available for US residents? <URL>,"Hey there, we'd love to help out! Can you let us know what's happening exactly?",main,content_catalog,0.6606,AUTO_HANDLE,none,Thanks for reporting this. Please share the artist and release name (not account details) so the catalog issue can be checked.,"[{""pair_id"": ""1771331"", ""conversation_id"": ""1771330"", ""message"": ""When it's on @user but not available ♫ <URL>"", ""reply"": ""Hi Daniel. Don't worry, help's here. Can you tell us what device, operating system, and exact app version you're using?"", ""similarity"": 0.3035, ""quality"": 0.5914, ""weak_intent"": ""content_catalog""}, {""pair_id"": ""783045"", ""conversation_id"": ""783044"", ""message"": ""@user catalog songs...the local files are the only ones that remain available for offline listening, thanks."", ""reply"": ""Got it. You can check out the steps under “Downloads unexpectedly removed” at <historical-link> They should help with this"", ""similarity"": 0.2885, ""quality"": 0.4172, ""weak_intent"": ""content_catalog""}, {""pair_id"": ""825596"", ""conversation_id"": ""825593"", ""message"": ""@user Did you remove #DaftPunk from your available music? Only 2 of their songs work. Disabled Local files, and deleted cache. <URL>"", ""reply"": ""Hi, help's here! Are you getting any specific error messages when you try to play Daft Punk's music? Keep us posted"", ""similarity"": 0.269, ""quality"": 0.4036, ""weak_intent"": ""content_catalog""}]",deterministic_fallback,0.48,assistant_draft
SPOT-133,2890077,representative,@user Too many of my mornings has been spent trying to fix my spotify by sending you the EXACT SAME PROBLEM in a message every time. It's almost like you're not doing anything to help solve this problem. ',,trivial,billing_subscription,0.28,ESCALATE,always_human_baseline,Thanks for reaching out. A support specialist will take a look.,[],fixed,,assistant_draft
SPOT-133,2890077,representative,@user Too many of my mornings has been spent trying to fix my spotify by sending you the EXACT SAME PROBLEM in a message every time. It's almost like you're not doing anything to help solve this problem. ',,simple,other,0.35,ESCALATE,low_confidence,"Hey Sam! What device, operating system, and Spotify version are you using? We'll see what we can suggest","[{""pair_id"": ""1759266"", ""conversation_id"": ""1759266"", ""message"": ""@user @user im having the exact same problem"", ""reply"": ""Hey Sam! What device, operating system, and Spotify version are you using? We'll see what we can suggest"", ""similarity"": 0.3902, ""quality"": 0.3822, ""weak_intent"": ""other""}]",top1_copy,0.48,assistant_draft
SPOT-133,2890077,representative,@user Too many of my mornings has been spent trying to fix my spotify by sending you the EXACT SAME PROBLEM in a message every time. It's almost like you're not doing anything to help solve this problem. ',,main,other,0.35,ESCALATE,low_confidence,"Thanks for flagging this. I don’t have enough verified context to resolve it safely here, so I’m escalating it to a support specialist.","[{""pair_id"": ""1759266"", ""conversation_id"": ""1759266"", ""message"": ""@user @user im having the exact same problem"", ""reply"": ""Hey Sam! What device, operating system, and Spotify version are you using? We'll see what we can suggest"", ""similarity"": 0.3902, ""quality"": 0.3822, ""weak_intent"": ""other""}, {""pair_id"": ""1805867"", ""conversation_id"": ""1805866"", ""message"": ""@user Wonder if @user has this same problem."", ""reply"": ""Hey. Sorry to hear that. Check the steps under “Downloads unexpectedly removed” at <historical-link> They should help with this"", ""similarity"": 0.3318, ""quality"": 0.4269, ""weak_intent"": ""other""}, {""pair_id"": ""1779321"", ""conversation_id"": ""1779320"", ""message"": ""@user @user problem solved"", ""reply"": ""Thanks for getting back to us. Just to clarify, are you still experiencing the issue of being stuck on a single track? Keep us posted"", ""similarity"": 0.3264, ""quality"": 0.2586, ""weak_intent"": ""other""}]",deterministic_fallback,0.48,assistant_draft
SPOT-135,599457,representative,@user hi. Every time I open the Spotify app on my iPad it redownloads all my songs again. Is there a way to fix this?,,trivial,billing_subscription,0.28,ESCALATE,always_human_baseline,Thanks for reaching out. A support specialist will take a look.,[],fixed,,assistant_draft
SPOT-135,599457,representative,@user hi. Every time I open the Spotify app on my iPad it redownloads all my songs again. Is there a way to fix this?,,simple,playback_technical,0.645,AUTO_HANDLE,none,"1: Hey John, sorry to hear that! Check out the steps under “Downloads unexpectedly removed”... 2: at  They should help with this","[{""pair_id"": ""1467033"", ""conversation_id"": ""1467032"", ""message"": ""@user I get this problem from time to time. I need to redownload all the songs that I've already downloaded months ago. ?? #Spotify"", ""reply"": ""1: Hey John, sorry to hear that! Check out the steps under “Downloads unexpectedly removed”... 2: at <historical-link> They should help with this"", ""similarity"": 0.366, ""quality"": 0.4736, ""weak_intent"": ""playback_technical""}]",top1_copy,0.48,assistant_draft
SPOT-135,599457,representative,@user hi. Every time I open the Spotify app on my iPad it redownloads all my songs again. Is there a way to fix this?,,main,playback_technical,0.645,AUTO_HANDLE,none,"Sorry about the playback trouble. Which device, operating system, and app version are you using, and does it also happen on another network?","[{""pair_id"": ""1467033"", ""conversation_id"": ""1467032"", ""message"": ""@user I get this problem from time to time. I need to redownload all the songs that I've already downloaded months ago. ?? #Spotify"", ""reply"": ""1: Hey John, sorry to hear that! Check out the steps under “Downloads unexpectedly removed”... 2: at <historical-link> They should help with this"", ""similarity"": 0.366, ""quality"": 0.4736, ""weak_intent"": ""playback_technical""}, {""pair_id"": ""1783080"", ""conversation_id"": ""1783079"", ""message"": ""@user if I have to redownload all my songs again I’m going to move to @user consider this a warning!"", ""reply"": ""Hey! Sorry to hear that. Can you DM us your account's username or email address? We'll take a look under the hood /JS <historical-link>"", ""similarity"": 0.3367, ""quality"": 0.3225, ""weak_intent"": ""playback_technical""}, {""pair_id"": ""1894265"", ""conversation_id"": ""1894264"", ""message"": ""@user Redownload 1000+ songs every fortnight & I don't want to use up all my data on music while I'm paying for the perk of downloads."", ""reply"": ""Hey! Sorry to hear that. Check out the steps under “Downloads unexpectedly removed” at <historical-link>"", ""similarity"": 0.3322, ""quality"": 0.3822, ""weak_intent"": ""playback_technical""}]",deterministic_fallback,0.48,assistant_draft
SPOT-138,2763006,representative,"@user I have read on the <URL> website that they are offering a $0.99 a month introductory rate for the first three months.I cant find any equivalent in GB £ sterling for people in the UK. Does the offer exist to us, How much is it in pounds? thanks",,trivial,billing_subscription,0.28,ESCALATE,always_human_baseline,Thanks for reaching out. A support specialist will take a look.,[],fixed,,assistant_draft
SPOT-138,2763006,representative,"@user I have read on the <URL> website that they are offering a $0.99 a month introductory rate for the first three months.I cant find any equivalent in GB £ sterling for people in the UK. Does the offer exist to us, How much is it in pounds? thanks",,simple,other,0.35,ESCALATE,billing_or_refund,"Hi! The Intro Offer isn't available right now. Don't worry, you can check out other offers at  Hope this helps","[{""pair_id"": ""2344108"", ""conversation_id"": ""2344106"", ""message"": ""Yo @user hmu with that three months for $0.99"", ""reply"": ""Hi! The Intro Offer isn't available right now. Don't worry, you can check out other offers at <historical-link> Hope this helps"", ""similarity"": 0.3215, ""quality"": 0.6069, ""weak_intent"": ""other""}]",top1_copy,0.48,assistant_draft
SPOT-138,2763006,representative,"@user I have read on the <URL> website that they are offering a $0.99 a month introductory rate for the first three months.I cant find any equivalent in GB £ sterling for people in the UK. Does the offer exist to us, How much is it in pounds? thanks",,main,product_feedback,0.2716,ESCALATE,billing_or_refund,"Thanks for flagging this. I don’t have enough verified context to resolve it safely here, so I’m escalating it to a support specialist.","[{""pair_id"": ""2344108"", ""conversation_id"": ""2344106"", ""message"": ""Yo @user hmu with that three months for $0.99"", ""reply"": ""Hi! The Intro Offer isn't available right now. Don't worry, you can check out other offers at <historical-link> Hope this helps"", ""similarity"": 0.3215, ""quality"": 0.6069, ""weak_intent"": ""other""}, {""pair_id"": ""2050843"", ""conversation_id"": ""2050842"", ""message"": ""@user hi, a while back you offered Spotify Premium for $0.99 for three months. Will you be doing that again?"", ""reply"": ""Hi there! We’re always offering deals for discounted or even free Premium. You can check out more info here: <historical-link>"", ""similarity"": 0.323, ""quality"": 0.425, ""weak_intent"": ""billing_subscription""}, {""pair_id"": ""2363320"", ""conversation_id"": ""2363318"", ""message"": ""@user Pass a P45 or whatever the equivalent is onto them and hire folks that can get a damn update out on time #raging"", ""reply"": ""Rest assured that our devs are already looking into this. We'll keep everyone posted once we have updates"", ""similarity"": 0.2292, ""quality"": 0.2042, ""weak_intent"": ""product_feedback""}]",deterministic_fallback,0.48,assistant_draft
SPOT-140,2919296,representative,@user @user @user Thanks bro! 👌🏼 I guess it was down earlier smh,,trivial,billing_subscription,0.28,ESCALATE,always_human_baseline,Thanks for reaching out. A support specialist will take a look.,[],fixed,,assistant_draft
SPOT-140,2919296,representative,@user @user @user Thanks bro! 👌🏼 I guess it was down earlier smh,,simple,other,0.35,ESCALATE,low_confidence,Hi Anthony! We've replied to your DM. Let's carry on chatting there 🙂,"[{""pair_id"": ""1644817"", ""conversation_id"": ""1644816"", ""message"": ""@user I need help on my Spotify account. I DM’d you guys earlier"", ""reply"": ""Hi Anthony! We've replied to your DM. Let's carry on chatting there 🙂"", ""similarity"": 0.3683, ""quality"": 0.0142, ""weak_intent"": ""account_access""}]",top1_copy,0.48,assistant_draft
SPOT-140,2919296,representative,@user @user @user Thanks bro! 👌🏼 I guess it was down earlier smh,,main,other,0.35,ESCALATE,low_confidence,"Thanks for flagging this. I don’t have enough verified context to resolve it safely here, so I’m escalating it to a support specialist.","[{""pair_id"": ""1644817"", ""conversation_id"": ""1644816"", ""message"": ""@user I need help on my Spotify account. I DM’d you guys earlier"", ""reply"": ""Hi Anthony! We've replied to your DM. Let's carry on chatting there 🙂"", ""similarity"": 0.3683, ""quality"": 0.0142, ""weak_intent"": ""account_access""}, {""pair_id"": ""1246041"", ""conversation_id"": ""1246040"", ""message"": ""My Spotify is still glitching like it was earlier... 💀 <URL>"", ""reply"": ""Hey! Logging out and back in should help with this. We're here for you if there's anything else 🙂"", ""similarity"": 0.3106, ""quality"": 0.1886, ""weak_intent"": ""other""}, {""pair_id"": ""2037908"", ""conversation_id"": ""2037907"", ""message"": ""paid for premium earlier but it still says it's a free account :( @user w hyyyyㅠㅠㅠ"", ""reply"": ""Hey there! We're here to help. Can you DM us your account's email address or username? We'll take a look under the hood /AN <historical-link>"", ""similarity"": 0.3356, ""quality"": 0.3342, ""weak_intent"": ""billing_subscription""}]",deterministic_fallback,0.48,assistant_draft
SPOT-144,2894033,representative,@user And here's the other: <URL>,,trivial,billing_subscription,0.28,ESCALATE,always_human_baseline,Thanks for reaching out. A support specialist will take a look.,[],fixed,,assistant_draft
SPOT-144,2894033,representative,@user And here's the other: <URL>,,simple,other,0.35,ESCALATE,low_confidence,Hey there! Could you tell us what's happening exactly? Keep us posted,"[{""pair_id"": ""1639048"", ""conversation_id"": ""1639045"", ""message"": ""@user here's the link <URL>"", ""reply"": ""Hey there! Could you tell us what's happening exactly? Keep us posted"", ""similarity"": 0.5737, ""quality"": 0.3142, ""weak_intent"": ""other""}]",top1_copy,0.48,assistant_draft
SPOT-144,2894033,representative,@user And here's the other: <URL>,,main,other,0.35,ESCALATE,low_confidence,"Thanks for flagging this. I don’t have enough verified context to resolve it safely here, so I’m escalating it to a support specialist.","[{""pair_id"": ""1639048"", ""conversation_id"": ""1639045"", ""message"": ""@user here's the link <URL>"", ""reply"": ""Hey there! Could you tell us what's happening exactly? Keep us posted"", ""similarity"": 0.5737, ""quality"": 0.3142, ""weak_intent"": ""other""}, {""pair_id"": ""771048"", ""conversation_id"": ""771047"", ""message"": ""Hey @user , where's @user? <URL>"", ""reply"": ""Hey Cyril, help's here! You can find more info about Spotify on Xbox One here: <historical-link>"", ""similarity"": 0.4558, ""quality"": 0.1867, ""weak_intent"": ""other""}, {""pair_id"": ""1835028"", ""conversation_id"": ""1835027"", ""message"": ""@user hereๆๆๆๆ <URL>"", ""reply"": ""We're very sorry, but we can only reply in English. We'd suggest reaching out to our Email team at <historical-link>"", ""similarity"": 0.4487, ""quality"": 0.2256, ""weak_intent"": ""other""}]",deterministic_fallback,0.48,assistant_draft
SPOT-145,516748,representative,"Why do you limit the albums that we save, understand the limit for downloaded ones, it really seems unnecessary when thinking about the price we pay monthly @user",,trivial,billing_subscription,0.28,ESCALATE,always_human_baseline,Thanks for reaching out. A support specialist will take a look.,[],fixed,,assistant_draft
SPOT-145,516748,representative,"Why do you limit the albums that we save, understand the limit for downloaded ones, it really seems unnecessary when thinking about the price we pay monthly @user",,simple,playback_technical,0.6497,AUTO_HANDLE,none,Hey Cody! We hear you. Make sure to show your support for the idea at  to help make it happen,"[{""pair_id"": ""2183067"", ""conversation_id"": ""2183066"", ""message"": ""Really sucks that @user has a download limit"", ""reply"": ""Hey Cody! We hear you. Make sure to show your support for the idea at <historical-link> to help make it happen"", ""similarity"": 0.3675, ""quality"": 0.2139, ""weak_intent"": ""playback_technical""}]",top1_copy,0.48,assistant_draft
SPOT-145,516748,representative,"Why do you limit the albums that we save, understand the limit for downloaded ones, it really seems unnecessary when thinking about the price we pay monthly @user",,main,playback_technical,0.6497,AUTO_HANDLE,none,"Sorry about the playback trouble. Which device, operating system, and app version are you using, and does it also happen on another network?","[{""pair_id"": ""2183067"", ""conversation_id"": ""2183066"", ""message"": ""Really sucks that @user has a download limit"", ""reply"": ""Hey Cody! We hear you. Make sure to show your support for the idea at <historical-link> to help make it happen"", ""similarity"": 0.3675, ""quality"": 0.2139, ""weak_intent"": ""playback_technical""}, {""pair_id"": ""2154932"", ""conversation_id"": ""2154930"", ""message"": ""@user it’s time to up the download limit"", ""reply"": ""Hey there! We hear you. Make sure to show your support for the idea at <historical-link> to help make it happen"", ""similarity"": 0.3359, ""quality"": 0.2158, ""weak_intent"": ""playback_technical""}, {""pair_id"": ""2057086"", ""conversation_id"": ""2057085"", ""message"": ""Hey @user you guys have a download limit ??"", ""reply"": ""Hi! Premium users can sync up to 3,333 tracks from the Spotify catalog on 3 separate devices. More info at <historical-link>"", ""similarity"": 0.3254, ""quality"": 0.2411, ""weak_intent"": ""playback_technical""}]",deterministic_fallback,0.48,assistant_draft
SPOT-147,2427722,representative,@user no it works fine on my MacBook Air and on iPhone,That's odd. Is this also happening on a different device? Keep us in the loop,trivial,billing_subscription,0.28,ESCALATE,always_human_baseline,Thanks for reaching out. A support specialist will take a look.,[],fixed,,assistant_draft
SPOT-147,2427722,representative,@user no it works fine on my MacBook Air and on iPhone,That's odd. Is this also happening on a different device? Keep us in the loop,simple,other,0.35,ESCALATE,missing_context,Thanks! Does logging out > restarting the device > logging back in help? Keep us posted,"[{""pair_id"": ""55248"", ""conversation_id"": ""55246"", ""message"": ""@user Hi guys, I’m using my MacBook Air and also my iPhone 6 SE. Thanks :)"", ""reply"": ""Thanks! Does logging out > restarting the device > logging back in help? Keep us posted"", ""similarity"": 0.5815, ""quality"": 0.3492, ""weak_intent"": ""other""}]",top1_copy,0.48,assistant_draft
SPOT-147,2427722,representative,@user no it works fine on my MacBook Air and on iPhone,That's odd. Is this also happening on a different device? Keep us in the loop,main,product_feedback,0.2198,ESCALATE,missing_context,"Thanks for flagging this. I don’t have enough verified context to resolve it safely here, so I’m escalating it to a support specialist.","[{""pair_id"": ""55248"", ""conversation_id"": ""55246"", ""message"": ""@user Hi guys, I’m using my MacBook Air and also my iPhone 6 SE. Thanks :)"", ""reply"": ""Thanks! Does logging out > restarting the device > logging back in help? Keep us posted"", ""similarity"": 0.5815, ""quality"": 0.3492, ""weak_intent"": ""other""}, {""pair_id"": ""773104"", ""conversation_id"": ""773103"", ""message"": ""@user MacBook Air, Chrome and I’m using the web player."", ""reply"": ""1: Thanks! We're afraid it isn't possible on the web player. But you can download the desktop app at <historical-link> and... 2: sort your playlists by following the steps here: <historical-link> Let us know how it goes"", ""similarity"": 0.3854, ""quality"": 0.53, ""weak_intent"": ""playback_technical""}, {""pair_id"": ""2337102"", ""conversation_id"": ""2337096"", ""message"": ""@user no, didn't make a difference in my phone or the MacBook"", ""reply"": ""Could you DM us your account's email address or username? We'll check things backstage /KM <historical-link>"", ""similarity"": 0.3818, ""quality"": 0.45, ""weak_intent"": ""other""}]",deterministic_fallback,0.48,assistant_draft
SPOT-149,2959331,representative,@user hey guys! I have a problem with my payments. I got charged twice on my card this month. The first pic is the monthly card bill. The second pic is the receipts. The extra payment is on the 9th of November. <URL>,,trivial,billing_subscription,0.28,ESCALATE,always_human_baseline,Thanks for reaching out. A support specialist will take a look.,[],fixed,,assistant_draft
SPOT-149,2959331,representative,@user hey guys! I have a problem with my payments. I got charged twice on my card this month. The first pic is the monthly card bill. The second pic is the receipts. The extra payment is on the 9th of November. <URL>,,simple,billing_subscription,0.9,ESCALATE,billing_or_refund,Hey Reginald! Could you send us a DM with your account's username or email address? We'll take a look and see what we can suggest /DB,"[{""pair_id"": ""1883296"", ""conversation_id"": ""1883296"", ""message"": ""@user , I really would prefer a one time payment and not the monthly payment. Is there a way to do this ?"", ""reply"": ""Hey Reginald! Could you send us a DM with your account's username or email address? We'll take a look and see what we can suggest /DB <historical-link>"", ""similarity"": 0.3069, ""quality"": 0.3536, ""weak_intent"": ""billing_subscription""}]",top1_copy,0.48,assistant_draft
SPOT-149,2959331,representative,@user hey guys! I have a problem with my payments. I got charged twice on my card this month. The first pic is the monthly card bill. The second pic is the receipts. The extra payment is on the 9th of November. <URL>,,main,billing_subscription,0.9,ESCALATE,billing_or_refund,I’m sorry you’re dealing with this. A support specialist should review it securely—please don’t post account or payment details publicly.,"[{""pair_id"": ""1883296"", ""conversation_id"": ""1883296"", ""message"": ""@user , I really would prefer a one time payment and not the monthly payment. Is there a way to do this ?"", ""reply"": ""Hey Reginald! Could you send us a DM with your account's username or email address? We'll take a look and see what we can suggest /DB <historical-link>"", ""similarity"": 0.3069, ""quality"": 0.3536, ""weak_intent"": ""billing_subscription""}, {""pair_id"": ""431730"", ""conversation_id"": ""431729"", ""message"": ""@user Payment. Have a new card"", ""reply"": ""Got it! For now, you can only do it by logging in at <historical-link> and clicking \""Update details\"". Hope this helps"", ""similarity"": 0.3075, ""quality"": 0.2275, ""weak_intent"": ""billing_subscription""}, {""pair_id"": ""1908800"", ""conversation_id"": ""1908799"", ""message"": ""@user Got charged 3 times for one month. <URL>"", ""reply"": ""Hey Braden! We suggest you delete your previous tweet as it contains private info. Can you DM us your username and email instead? /ND <historical-link>"", ""similarity"": 0.2877, ""quality"": 0.3536, ""weak_intent"": ""billing_subscription""}]",deterministic_fallback,0.48,assistant_draft
SPOT-150,2934010,representative,Yo @user how could you hear my music taste every day and still give me ads for a Taylor Swift concert? I'm offended.,,trivial,billing_subscription,0.28,ESCALATE,always_human_baseline,Thanks for reaching out. A support specialist will take a look.,[],fixed,,assistant_draft
SPOT-150,2934010,representative,Yo @user how could you hear my music taste every day and still give me ads for a Taylor Swift concert? I'm offended.,,simple,content_catalog,0.6388,AUTO_HANDLE,none,"Hi Jared! We’d love to have all of Taylor's stuff available, but we have some info about content here:","[{""pair_id"": ""2215921"", ""conversation_id"": ""2215920"", ""message"": ""@user why can’t I see the new Taylor Swift album😭"", ""reply"": ""Hi Jared! We’d love to have all of Taylor's stuff available, but we have some info about content here: <historical-link>"", ""similarity"": 0.3535, ""quality"": 0.4133, ""weak_intent"": ""content_catalog""}]",top1_copy,0.48,assistant_draft
SPOT-150,2934010,representative,Yo @user how could you hear my music taste every day and still give me ads for a Taylor Swift concert? I'm offended.,,main,content_catalog,0.6388,AUTO_HANDLE,none,Thanks for reporting this. Please share the artist and release name (not account details) so the catalog issue can be checked.,"[{""pair_id"": ""2215921"", ""conversation_id"": ""2215920"", ""message"": ""@user why can’t I see the new Taylor Swift album😭"", ""reply"": ""Hi Jared! We’d love to have all of Taylor's stuff available, but we have some info about content here: <historical-link>"", ""similarity"": 0.3535, ""quality"": 0.4133, ""weak_intent"": ""content_catalog""}, {""pair_id"": ""2768648"", ""conversation_id"": ""2768647"", ""message"": ""@user when is the new Taylor Swift album going I'm?"", ""reply"": ""Hey! Fingers crossed we'll be able to have it soon, but there's info about Spotify content here: <historical-link>"", ""similarity"": 0.3616, ""quality"": 0.2217, ""weak_intent"": ""content_catalog""}, {""pair_id"": ""2218892"", ""conversation_id"": ""2218888"", ""message"": ""@user is the new taylor swift album going to be on spotify?"", ""reply"": ""1: Hey, hope you don't mind us replying in English as we don't have Filipino support available at the moment. Taylor Swift's 'Reputation'... 2: isn't available to stream just yet – stay tuned! For now, check out the singles: <historical-link>"", ""similarity"": 0.33, ""quality"": 0.71, ""weak_intent"": ""content_catalog""}]",deterministic_fallback,0.48,assistant_draft
SPOT-157,597353,challenge,Problems again @user @user still not allowing Paypal subscription keeps looping back to payment screen,,trivial,billing_subscription,0.28,ESCALATE,always_human_baseline,Thanks for reaching out. A support specialist will take a look.,[],fixed,,assistant_draft
SPOT-157,597353,challenge,Problems again @user @user still not allowing Paypal subscription keeps looping back to payment screen,,simple,billing_subscription,0.9,ESCALATE,billing_or_refund,"Hi there. We're sorry you feel that way. We appreciate your feedback, and we'll be sure to pass this on the right folks","[{""pair_id"": ""2878168"", ""conversation_id"": ""2878166"", ""message"": ""@user Still waiting for PayPal payment option on the student subscription. Way to go Spotify :eyeroll:"", ""reply"": ""Hi there. We're sorry you feel that way. We appreciate your feedback, and we'll be sure to pass this on the right folks"", ""similarity"": 0.457, ""quality"": 0.2314, ""weak_intent"": ""billing_subscription""}]",top1_copy,0.48,assistant_draft
SPOT-157,597353,challenge,Problems again @user @user still not allowing Paypal subscription keeps looping back to payment screen,,main,billing_subscription,0.9,ESCALATE,billing_or_refund,I’m sorry you’re dealing with this. A support specialist should review it securely—please don’t post account or payment details publicly.,"[{""pair_id"": ""2878168"", ""conversation_id"": ""2878166"", ""message"": ""@user Still waiting for PayPal payment option on the student subscription. Way to go Spotify :eyeroll:"", ""reply"": ""Hi there. We're sorry you feel that way. We appreciate your feedback, and we'll be sure to pass this on the right folks"", ""similarity"": 0.457, ""quality"": 0.2314, ""weak_intent"": ""billing_subscription""}, {""pair_id"": ""6514"", ""conversation_id"": ""6514"", ""message"": ""@user @user I'm still having problems with payment"", ""reply"": ""Hey there! We just replied to your DM. Check it out, we'll continue helping you there 🙂"", ""similarity"": 0.4115, ""quality"": 0.2292, ""weak_intent"": ""billing_subscription""}, {""pair_id"": ""1971347"", ""conversation_id"": ""1971347"", ""message"": ""@user You can't use paypal for payment?"", ""reply"": ""Hey! Help's here. Can you DM us your account's email and let us know what you're trying to sign up for? We'll see what we can suggest /RA <historical-link>"", ""similarity"": 0.3737, ""quality"": 0.3614, ""weak_intent"": ""billing_subscription""}]",deterministic_fallback,0.48,assistant_draft
SPOT-158,44384,challenge,@user Do I really need to have a credit card/debit card? Are there other ways to avail this promo?,,trivial,billing_subscription,0.28,ESCALATE,always_human_baseline,Thanks for reaching out. A support specialist will take a look.,[],fixed,,assistant_draft
SPOT-158,44384,challenge,@user Do I really need to have a credit card/debit card? Are there other ways to avail this promo?,,simple,billing_subscription,0.7216,ESCALATE,billing_or_refund,"Hey Christian! We also accept e-gift cards as well as PayPal to pay for your Premium subscription. Any questions, give us a shout","[{""pair_id"": ""1998319"", ""conversation_id"": ""1998318"", ""message"": ""@user why do we have to have a credit card😥😢😰"", ""reply"": ""Hey Christian! We also accept e-gift cards as well as PayPal to pay for your Premium subscription. Any questions, give us a shout"", ""similarity"": 0.4293, ""quality"": 0.2508, ""weak_intent"": ""billing_subscription""}]",top1_copy,0.48,assistant_draft
SPOT-158,44384,challenge,@user Do I really need to have a credit card/debit card? Are there other ways to avail this promo?,,main,billing_subscription,0.7216,ESCALATE,billing_or_refund,I’m sorry you’re dealing with this. A support specialist should review it securely—please don’t post account or payment details publicly.,"[{""pair_id"": ""1998319"", ""conversation_id"": ""1998318"", ""message"": ""@user why do we have to have a credit card😥😢😰"", ""reply"": ""Hey Christian! We also accept e-gift cards as well as PayPal to pay for your Premium subscription. Any questions, give us a shout"", ""similarity"": 0.4293, ""quality"": 0.2508, ""weak_intent"": ""billing_subscription""}, {""pair_id"": ""2645267"", ""conversation_id"": ""2645266"", ""message"": ""Can I avail student discount for spotify premium even if I don't have credit card? @user"", ""reply"": ""Hi! We're afraid you'll need a credit/debit card to sign up for the student discount. We're passing on all feedback about this"", ""similarity"": 0.424, ""quality"": 0.245, ""weak_intent"": ""billing_subscription""}, {""pair_id"": ""1955897"", ""conversation_id"": ""1955894"", ""message"": ""@user How can i avail premium if i don't have ccard?"", ""reply"": ""Hey there! You can check out other payments as well by following the steps at <historical-link>"", ""similarity"": 0.3407, ""quality"": 0.5447, ""weak_intent"": ""billing_subscription""}]",deterministic_fallback,0.48,assistant_draft
SPOT-160,2859052,challenge,"Hey @user! Can't log in. Can't request a new password because (My email address) ""doesn't exist"". Can't set up a new account because (my email address) is ""already taken."" Can't request help via the website because I need to be logged in. Great customer service, there, guys!!!",,trivial,billing_subscription,0.28,ESCALATE,always_human_baseline,Thanks for reaching out. A support specialist will take a look.,[],fixed,,assistant_draft
SPOT-160,2859052,challenge,"Hey @user! Can't log in. Can't request a new password because (My email address) ""doesn't exist"". Can't set up a new account because (my email address) is ""already taken."" Can't request help via the website because I need to be logged in. Great customer service, there, guys!!!",,simple,account_access,0.9,ESCALATE,account_or_security,Hi there! That doesn't sound right. Can you DM us your account's username/email? A screenshot of any error messages would also be handy /LP,"[{""pair_id"": ""1969657"", ""conversation_id"": ""1969655"", ""message"": ""@user is the servers down because i cant log in or request a password reset?"", ""reply"": ""Hi there! That doesn't sound right. Can you DM us your account's username/email? A screenshot of any error messages would also be handy /LP <historical-link>"", ""similarity"": 0.3608, ""quality"": 0.3653, ""weak_intent"": ""account_access""}]",top1_copy,0.48,assistant_draft
SPOT-160,2859052,challenge,"Hey @user! Can't log in. Can't request a new password because (My email address) ""doesn't exist"". Can't set up a new account because (my email address) is ""already taken."" Can't request help via the website because I need to be logged in. Great customer service, there, guys!!!",,main,account_access,0.9,ESCALATE,account_or_security,I’m sorry you’re dealing with this. A support specialist should review it securely—please don’t post account or payment details publicly.,"[{""pair_id"": ""1969657"", ""conversation_id"": ""1969655"", ""message"": ""@user is the servers down because i cant log in or request a password reset?"", ""reply"": ""Hi there! That doesn't sound right. Can you DM us your account's username/email? A screenshot of any error messages would also be handy /LP <historical-link>"", ""similarity"": 0.3608, ""quality"": 0.3653, ""weak_intent"": ""account_access""}, {""pair_id"": ""2286066"", ""conversation_id"": ""2286065"", ""message"": ""@user please help me get back into my spotify account. it got hacked and then your customer service apparently canceled my account and I can't use the chat or the help site because i can't log in."", ""reply"": ""Hey, that doesn't sound good! Can you DM us your account's email address or username? We'll check things backstage /GT <historical-link> No worries. This is something for our Accounts team. You should receive an email from them shortly"", ""similarity"": 0.3323, ""quality"": 0.59, ""weak_intent"": ""account_access""}, {""pair_id"": ""2072658"", ""conversation_id"": ""2072657"", ""message"": ""checking in w/ @user because someone apparently changed my account email address and now I can't log in. I emailed but no response"", ""reply"": ""Hey Kelly! We're here to help. Can you DM us your account's email address? We'll take a look under the hood /AN <historical-link>"", ""similarity"": 0.3171, ""quality"": 0.3108, ""weak_intent"": ""account_access""}]",deterministic_fallback,0.48,assistant_draft
SPOT-163,86412,challenge,"@user - Some lovely human hacked my account and changed my login credentials. Luckily this morning I had an antiquated circle called a cd, but I won’t last long without infinite variety. Help! #hacked #spotify #help",,trivial,billing_subscription,0.28,ESCALATE,always_human_baseline,Thanks for reaching out. A support specialist will take a look.,[],fixed,,assistant_draft
SPOT-163,86412,challenge,"@user - Some lovely human hacked my account and changed my login credentials. Luckily this morning I had an antiquated circle called a cd, but I won’t last long without infinite variety. Help! #hacked #spotify #help",,simple,account_access,0.9,ESCALATE,account_or_security,"Hey Kareem, we're sorry to hear that. Check out  for what to do next","[{""pair_id"": ""827520"", ""conversation_id"": ""827519"", ""message"": ""@user my account was hacked and the new user changed the email address and I can't live without music please help"", ""reply"": ""Hey Kareem, we're sorry to hear that. Check out <historical-link> for what to do next"", ""similarity"": 0.2482, ""quality"": 0.3453, ""weak_intent"": ""account_access""}]",top1_copy,0.48,assistant_draft
SPOT-163,86412,challenge,"@user - Some lovely human hacked my account and changed my login credentials. Luckily this morning I had an antiquated circle called a cd, but I won’t last long without infinite variety. Help! #hacked #spotify #help",,main,account_access,0.9,ESCALATE,account_or_security,I’m sorry you’re dealing with this. A support specialist should review it securely—please don’t post account or payment details publicly.,"[{""pair_id"": ""827520"", ""conversation_id"": ""827519"", ""message"": ""@user my account was hacked and the new user changed the email address and I can't live without music please help"", ""reply"": ""Hey Kareem, we're sorry to hear that. Check out <historical-link> for what to do next"", ""similarity"": 0.2482, ""quality"": 0.3453, ""weak_intent"": ""account_access""}, {""pair_id"": ""1816038"", ""conversation_id"": ""1816037"", ""message"": ""@user My premium account got hacked. Luckily I was able to change my password and delete other apps. What are you doing to fix this?"", ""reply"": ""Hey Mindy, we're sorry to hear that. Can you DM us your account's email address or username? We'll check backstage /RK <historical-link>"", ""similarity"": 0.2373, ""quality"": 0.5044, ""weak_intent"": ""account_access""}, {""pair_id"": ""2259614"", ""conversation_id"": ""2259613"", ""message"": ""Spotify Account is hacked @user."", ""reply"": ""Hey Sarah! We're here to help. Can you DM us your account's email address? We'll take a look under the hood /AN <historical-link>"", ""similarity"": 0.2459, ""quality"": 0.3108, ""weak_intent"": ""account_access""}]",deterministic_fallback,0.48,assistant_draft
SPOT-164,508854,challenge,"@user I have the family plan and a hacker has hacked me twice this past month. I changed my password, but this time they changed my log in info. I cant do a thing. I NEED HELP <URL> for id proof",,trivial,billing_subscription,0.28,ESCALATE,always_human_baseline,Thanks for reaching out. A support specialist will take a look.,[],fixed,,assistant_draft
SPOT-164,508854,challenge,"@user I have the family plan and a hacker has hacked me twice this past month. I changed my password, but this time they changed my log in info. I cant do a thing. I NEED HELP <URL> for id proof",,simple,account_access,0.9,ESCALATE,account_or_security,Hey there. Sorry to hear about that! We suggest you follow the steps at  We hope that helps,"[{""pair_id"": ""1973063"", ""conversation_id"": ""1973062"", ""message"": ""@user my account was hacked and email and password were changed on my spotify account"", ""reply"": ""Hey there. Sorry to hear about that! We suggest you follow the steps at <historical-link> We hope that helps"", ""similarity"": 0.39, ""quality"": 0.39, ""weak_intent"": ""account_access""}]",top1_copy,0.48,assistant_draft
SPOT-164,508854,challenge,"@user I have the family plan and a hacker has hacked me twice this past month. I changed my password, but this time they changed my log in info. I cant do a thing. I NEED HELP <URL> for id proof",,main,account_access,0.9,ESCALATE,account_or_security,I’m sorry you’re dealing with this. A support specialist should review it securely—please don’t post account or payment details publicly.,"[{""pair_id"": ""1973063"", ""conversation_id"": ""1973062"", ""message"": ""@user my account was hacked and email and password were changed on my spotify account"", ""reply"": ""Hey there. Sorry to hear about that! We suggest you follow the steps at <historical-link> We hope that helps"", ""similarity"": 0.39, ""quality"": 0.39, ""weak_intent"": ""account_access""}, {""pair_id"": ""1799635"", ""conversation_id"": ""1799634"", ""message"": ""@user My email and Spotify were hacked. The hacker changed the passwords to both. Can you recover my account or cancel my premium."", ""reply"": ""Hey Erin! We're here to help. Can you DM us your account's email address? We'll take a look under the hood /AN <historical-link>"", ""similarity"": 0.39, ""quality"": 0.3089, ""weak_intent"": ""account_access""}, {""pair_id"": ""2059128"", ""conversation_id"": ""2059127"", ""message"": ""@user @user please help, my account has been hacked and they have changed my email address so I can't log in 😬😱"", ""reply"": ""Hey Lucinda! We’re sorry to hear that. Check out <historical-link> for what to do next. Let us know if you have other questions"", ""similarity"": 0.3714, ""quality"": 0.4269, ""weak_intent"": ""account_access""}]",deterministic_fallback,0.48,assistant_draft
SPOT-165,2909825,challenge,"@user, why are you committing suicide by fucking with playlists? Now it only plays the most ""profitable"" tracks, and just because I like an artist, doesn't mean I want to hear them on EVERY playlist. At this rate you're going where Pandora went! #disappointed #stupid #Ethereum",,trivial,billing_subscription,0.28,ESCALATE,always_human_baseline,Thanks for reaching out. A support specialist will take a look.,[],fixed,,assistant_draft
SPOT-165,2909825,challenge,"@user, why are you committing suicide by fucking with playlists? Now it only plays the most ""profitable"" tracks, and just because I like an artist, doesn't mean I want to hear them on EVERY playlist. At this rate you're going where Pandora went! #disappointed #stupid #Ethereum",,simple,playlist_library,0.8153,ESCALATE,abuse_or_safety,Hey there! Can you give us more info about what's happening exactly? Could you DM us your account's email address? We'll take a look /NS,"[{""pair_id"": ""1944303"", ""conversation_id"": ""1944302"", ""message"": ""Fck u @user Y R U LIKE PANDORA NOW? I liked u cause if I wanted a certain artist u only played them! Now u hitting me with random shit."", ""reply"": ""Hey there! Can you give us more info about what's happening exactly? Could you DM us your account's email address? We'll take a look /NS <historical-link>"", ""similarity"": 0.272, ""quality"": 0.5394, ""weak_intent"": ""content_catalog""}]",top1_copy,0.48,assistant_draft
SPOT-165,2909825,challenge,"@user, why are you committing suicide by fucking with playlists? Now it only plays the most ""profitable"" tracks, and just because I like an artist, doesn't mean I want to hear them on EVERY playlist. At this rate you're going where Pandora went! #disappointed #stupid #Ethereum",,main,playlist_library,0.8153,ESCALATE,abuse_or_safety,"Thanks for flagging this. I don’t have enough verified context to resolve it safely here, so I’m escalating it to a support specialist.","[{""pair_id"": ""1944303"", ""conversation_id"": ""1944302"", ""message"": ""Fck u @user Y R U LIKE PANDORA NOW? I liked u cause if I wanted a certain artist u only played them! Now u hitting me with random shit."", ""reply"": ""Hey there! Can you give us more info about what's happening exactly? Could you DM us your account's email address? We'll take a look /NS <historical-link>"", ""similarity"": 0.272, ""quality"": 0.5394, ""weak_intent"": ""content_catalog""}, {""pair_id"": ""373047"", ""conversation_id"": ""373044"", ""message"": ""@user what's the point of creating a playlist if you're going to make me listen to random songs I don't want to hear? #respecttheplaylist"", ""reply"": ""Hey! This sounds like the app's Autoplay feature. Don't worry, you can turn it off by following the steps here: <historical-link>"", ""similarity"": 0.2324, ""quality"": 0.4308, ""weak_intent"": ""playlist_library""}, {""pair_id"": ""1005200"", ""conversation_id"": ""1005199"", ""message"": ""Disappointed there was no #Seal on @user #TBT animal playlist"", ""reply"": ""Hey Chris, thanks for the feedback! Our Curation team are independent, but we’ll pass on your suggestion"", ""similarity"": 0.2398, ""quality"": 0.2022, ""weak_intent"": ""playlist_library""}]",deterministic_fallback,0.48,assistant_draft
SPOT-166,2522159,challenge,"Dear @user , How do I hide all things Christmas from my experience. I'm bombarded with that perversion everywhere else in life. Please make it go away.",,trivial,billing_subscription,0.28,ESCALATE,always_human_baseline,Thanks for reaching out. A support specialist will take a look.,[],fixed,,assistant_draft
SPOT-166,2522159,challenge,"Dear @user , How do I hide all things Christmas from my experience. I'm bombarded with that perversion everywhere else in life. Please make it go away.",,simple,product_feedback,0.7216,AUTO_HANDLE,none,"Hey Matt! We're working on it, and we hope to have it available soon. There's more info here:","[{""pair_id"": ""2239773"", ""conversation_id"": ""2239772"", ""message"": ""All I want for Christmas is Lemonade on Spotify, please make it happen @user"", ""reply"": ""Hey Matt! We're working on it, and we hope to have it available soon. There's more info here: <historical-link>"", ""similarity"": 0.2755, ""quality"": 0.3958, ""weak_intent"": ""product_feedback""}]",top1_copy,0.48,assistant_draft
SPOT-166,2522159,challenge,"Dear @user , How do I hide all things Christmas from my experience. I'm bombarded with that perversion everywhere else in life. Please make it go away.",,main,product_feedback,0.7216,AUTO_HANDLE,none,Thanks for the thoughtful feedback. I’ve captured the use case clearly so the product team can review it.,"[{""pair_id"": ""2239773"", ""conversation_id"": ""2239772"", ""message"": ""All I want for Christmas is Lemonade on Spotify, please make it happen @user"", ""reply"": ""Hey Matt! We're working on it, and we hope to have it available soon. There's more info here: <historical-link>"", ""similarity"": 0.2755, ""quality"": 0.3958, ""weak_intent"": ""product_feedback""}, {""pair_id"": ""1544270"", ""conversation_id"": ""1544269"", ""message"": ""@user please make my Christmas miracle come true <URL>"", ""reply"": ""1: Hey Mark! We can confirm the other songs on the album were temporarily removed because of licensing changes. More info here... 2: <historical-link> Hopefully we'll have them available again soon"", ""similarity"": 0.247, ""quality"": 0.71, ""weak_intent"": ""product_feedback""}, {""pair_id"": ""1105806"", ""conversation_id"": ""1105803"", ""message"": ""Dear @user, please fuck off with the Christmas song adverts. Thanks. Bye."", ""reply"": ""Hey, thanks for your feedback - we'll pass it on. For now, check out <historical-link> if you haven't had a subscription before"", ""similarity"": 0.2548, ""quality"": 0.4269, ""weak_intent"": ""product_feedback""}]",deterministic_fallback,0.48,assistant_draft
SPOT-168,2819561,challenge,"@user Do you really? Why is there no Disconnect from Facebook button, why do we need to 'log a ticket'. Good luck with GDPR.",,trivial,billing_subscription,0.28,ESCALATE,always_human_baseline,Thanks for reaching out. A support specialist will take a look.,[],fixed,,assistant_draft
SPOT-168,2819561,challenge,"@user Do you really? Why is there no Disconnect from Facebook button, why do we need to 'log a ticket'. Good luck with GDPR.",,simple,account_access,0.6466,ESCALATE,legal_or_policy,Hi! We can help with that. Can you DM us your account's email address? We'll take look backstage 🔍 /PI,"[{""pair_id"": ""609612"", ""conversation_id"": ""609611"", ""message"": ""@user is there any way to disconnect facebook from a spotify account?"", ""reply"": ""Hi! We can help with that. Can you DM us your account's email address? We'll take look backstage 🔍 /PI <historical-link>"", ""similarity"": 0.4545, ""quality"": 0.2933, ""weak_intent"": ""account_access""}]",top1_copy,0.48,assistant_draft
SPOT-168,2819561,challenge,"@user Do you really? Why is there no Disconnect from Facebook button, why do we need to 'log a ticket'. Good luck with GDPR.",,main,account_access,0.6466,ESCALATE,legal_or_policy,I’m sorry you’re dealing with this. A support specialist should review it securely—please don’t post account or payment details publicly.,"[{""pair_id"": ""609612"", ""conversation_id"": ""609611"", ""message"": ""@user is there any way to disconnect facebook from a spotify account?"", ""reply"": ""Hi! We can help with that. Can you DM us your account's email address? We'll take look backstage 🔍 /PI <historical-link>"", ""similarity"": 0.4545, ""quality"": 0.2933, ""weak_intent"": ""account_access""}, {""pair_id"": ""1875288"", ""conversation_id"": ""1875287"", ""message"": ""@user Can I disconnect my old Spotify from my facebook account and connect my new one?"", ""reply"": ""Hey! The cavalry's here. Can you DM us your account's username or email address? We'll take a look under the hood /JS <historical-link>"", ""similarity"": 0.408, ""quality"": 0.3225, ""weak_intent"": ""account_access""}, {""pair_id"": ""1908053"", ""conversation_id"": ""1908052"", ""message"": ""@user Hi, I'd like to disconnect my account from Facebook to connect with my email and password. How can I do it? Thanks"", ""reply"": ""Hi Cyril, we're here to help! Can you DM us with your account's email address? We'll take a look backstage /WW <historical-link>"", ""similarity"": 0.3741, ""quality"": 0.3089, ""weak_intent"": ""account_access""}]",deterministic_fallback,0.48,assistant_draft
SPOT-170,2969658,challenge,@user Done. Thanks in advance!,"Hey Michael! We'll help out. Can you DM us your account's email address, as well as your wife's? We'll take a look under the hood /AN <historical-link>",trivial,billing_subscription,0.28,ESCALATE,always_human_baseline,Thanks for reaching out. A support specialist will take a look.,[],fixed,,assistant_draft
SPOT-170,2969658,challenge,@user Done. Thanks in advance!,"Hey Michael! We'll help out. Can you DM us your account's email address, as well as your wife's? We'll take a look under the hood /AN <historical-link>",simple,other,0.35,ESCALATE,low_confidence,Hi Nico! Can you send us a DM with your account's email address or username? We'll take a look under the hood /XF,"[{""pair_id"": ""3890"", ""conversation_id"": ""3887"", ""message"": ""@user What should I do in this cases? Thanks in advance! (2)"", ""reply"": ""Hi Nico! Can you send us a DM with your account's email address or username? We'll take a look under the hood /XF <historical-link>"", ""similarity"": 0.5931, ""quality"": 0.3147, ""weak_intent"": ""other""}]",top1_copy,0.48,assistant_draft
SPOT-170,2969658,challenge,@user Done. Thanks in advance!,"Hey Michael! We'll help out. Can you DM us your account's email address, as well as your wife's? We'll take a look under the hood /AN <historical-link>",main,other,0.59,ESCALATE,low_confidence,"Thanks for flagging this. I don’t have enough verified context to resolve it safely here, so I’m escalating it to a support specialist.","[{""pair_id"": ""3890"", ""conversation_id"": ""3887"", ""message"": ""@user What should I do in this cases? Thanks in advance! (2)"", ""reply"": ""Hi Nico! Can you send us a DM with your account's email address or username? We'll take a look under the hood /XF <historical-link>"", ""similarity"": 0.5931, ""quality"": 0.3147, ""weak_intent"": ""other""}, {""pair_id"": ""1825381"", ""conversation_id"": ""1825380"", ""message"": ""@user How long does it normally take to get approved as a Verified Artist? Thanks in advance!"", ""reply"": ""Hey! If you've already gotten in touch with our friends at Artist Services, you should hear back from them within the next 4 to 6 weeks"", ""similarity"": 0.4715, ""quality"": 0.2625, ""weak_intent"": ""content_catalog""}, {""pair_id"": ""2410588"", ""conversation_id"": ""2410587"", ""message"": ""@user Hello, Is there any estimate of when the iOS app will be updated for the iPhone X screen? Thanks in advance!"", ""reply"": ""Hi there. We understand - we’re working on it as we speak. Stay tuned!"", ""similarity"": 0.4685, ""quality"": 0.1361, ""weak_intent"": ""device_connectivity""}]",deterministic_fallback,0.48,assistant_draft
SPOT-171,548697,challenge,I.CANT.REGISTER!!! 😭 @user <URL>,,trivial,billing_subscription,0.28,ESCALATE,always_human_baseline,Thanks for reaching out. A support specialist will take a look.,[],fixed,,assistant_draft
SPOT-171,548697,challenge,I.CANT.REGISTER!!! 😭 @user <URL>,,simple,other,0.35,ESCALATE,low_confidence,We'd love to have them on Spotify! Hopefully we will in the future. Check this out:,"[{""pair_id"": ""809602"", ""conversation_id"": ""809601"", ""message"": ""What? @user is not on @user!!!"", ""reply"": ""We'd love to have them on Spotify! Hopefully we will in the future. Check this out: <historical-link>"", ""similarity"": 0.3723, ""quality"": 0.3764, ""weak_intent"": ""other""}]",top1_copy,0.48,assistant_draft
SPOT-171,548697,challenge,I.CANT.REGISTER!!! 😭 @user <URL>,,main,content_catalog,0.2347,ESCALATE,low_confidence,"Thanks for flagging this. I don’t have enough verified context to resolve it safely here, so I’m escalating it to a support specialist.","[{""pair_id"": ""809602"", ""conversation_id"": ""809601"", ""message"": ""What? @user is not on @user!!!"", ""reply"": ""We'd love to have them on Spotify! Hopefully we will in the future. Check this out: <historical-link>"", ""similarity"": 0.3723, ""quality"": 0.3764, ""weak_intent"": ""other""}, {""pair_id"": ""1834158"", ""conversation_id"": ""1834157"", ""message"": ""@user @user <URL>"", ""reply"": ""1: Hi Mike! Help's here. We can confirm that the track is currently unavailable on Spotify. Sometimes content gets temporarily removed... 2: due to licensing changes. Having said that, it's odd that you're still hearing audio. Can you check if it's the same while streaming?"", ""similarity"": 0.2673, ""quality"": 0.89, ""weak_intent"": ""other""}, {""pair_id"": ""1533098"", ""conversation_id"": ""1533094"", ""message"": ""Yo, how does a guy register for @user ?"", ""reply"": ""Hi there! It’s great to hear you’re looking to put music on Spotify. You can find all the info you need at: <historical-link> 🙂"", ""similarity"": 0.3033, ""quality"": 0.2469, ""weak_intent"": ""other""}]",deterministic_fallback,0.48,assistant_draft
SPOT-173,582200,challenge,@user answer em dm's,,trivial,billing_subscription,0.28,ESCALATE,always_human_baseline,Thanks for reaching out. A support specialist will take a look.,[],fixed,,assistant_draft
SPOT-173,582200,challenge,@user answer em dm's,,simple,other,0.35,ESCALATE,low_confidence,We've just sent you a DM 🙂,"[{""pair_id"": ""1752898"", ""conversation_id"": ""1752897"", ""message"": ""@user hi can u answer my DM please"", ""reply"": ""We've just sent you a DM 🙂"", ""similarity"": 0.5318, ""quality"": 0.0, ""weak_intent"": ""other""}]",top1_copy,0.48,assistant_draft
SPOT-173,582200,challenge,@user answer em dm's,,main,other,0.4551,ESCALATE,low_confidence,"Thanks for flagging this. I don’t have enough verified context to resolve it safely here, so I’m escalating it to a support specialist.","[{""pair_id"": ""1752898"", ""conversation_id"": ""1752897"", ""message"": ""@user hi can u answer my DM please"", ""reply"": ""We've just sent you a DM 🙂"", ""similarity"": 0.5318, ""quality"": 0.0, ""weak_intent"": ""other""}, {""pair_id"": ""1286624"", ""conversation_id"": ""1286623"", ""message"": ""@user answer the dm i sent you please"", ""reply"": ""Hey Ali! We've just sent you a bit more info over DM. We'll carry on helping out there"", ""similarity"": 0.5034, ""quality"": 0.0472, ""weak_intent"": ""other""}, {""pair_id"": ""1430106"", ""conversation_id"": ""1430105"", ""message"": ""@user answer my fucking dm on @user"", ""reply"": ""Hey! We've replied to your DM. Check it out and we'll continue over there"", ""similarity"": 0.4906, ""quality"": 0.2019, ""weak_intent"": ""other""}]",deterministic_fallback,0.48,assistant_draft
SPOT-176,2892621,challenge,@user REPLY ASAP. TY,,trivial,billing_subscription,0.28,ESCALATE,always_human_baseline,Thanks for reaching out. A support specialist will take a look.,[],fixed,,assistant_draft
SPOT-176,2892621,challenge,@user REPLY ASAP. TY,,simple,other,0.35,ESCALATE,low_confidence,Hi Kirsty! Sorry for the delay. We've just replied to your DM. Let's carry on chatting there,"[{""pair_id"": ""2537548"", ""conversation_id"": ""2537547"", ""message"": ""@user hi can you reply to my dm ASAP x"", ""reply"": ""Hi Kirsty! Sorry for the delay. We've just replied to your DM. Let's carry on chatting there"", ""similarity"": 0.5703, ""quality"": 0.0589, ""weak_intent"": ""other""}]",top1_copy,0.48,assistant_draft
SPOT-176,2892621,challenge,@user REPLY ASAP. TY,,main,other,0.3912,ESCALATE,low_confidence,"Thanks for flagging this. I don’t have enough verified context to resolve it safely here, so I’m escalating it to a support specialist.","[{""pair_id"": ""2537548"", ""conversation_id"": ""2537547"", ""message"": ""@user hi can you reply to my dm ASAP x"", ""reply"": ""Hi Kirsty! Sorry for the delay. We've just replied to your DM. Let's carry on chatting there"", ""similarity"": 0.5703, ""quality"": 0.0589, ""weak_intent"": ""other""}, {""pair_id"": ""1269752"", ""conversation_id"": ""1269751"", ""message"": ""@user reply to my dm"", ""reply"": ""Hey there! We've sent you a response via DM. Let's continue chatting there 🙂"", ""similarity"": 0.5312, ""quality"": 0.0278, ""weak_intent"": ""other""}, {""pair_id"": ""238001"", ""conversation_id"": ""237997"", ""message"": ""@user need help ASAP. Please DM"", ""reply"": ""Hey there! We'll help out. Can you let us know what's happening exactly? We'll see what we can suggest"", ""similarity"": 0.5065, ""quality"": 0.3783, ""weak_intent"": ""other""}]",deterministic_fallback,0.48,assistant_draft
SPOT-183,133956,challenge,@user 4.990 atau 49.990?,,trivial,billing_subscription,0.28,ESCALATE,always_human_baseline,Thanks for reaching out. A support specialist will take a look.,[],fixed,,assistant_draft
SPOT-183,133956,challenge,@user 4.990 atau 49.990?,,simple,other,0.35,ESCALATE,low_confidence,Hi there! The bundle is only $4.99 for both the student discount and Hulu. More info here:,"[{""pair_id"": ""189827"", ""conversation_id"": ""189827"", ""message"": ""@user Both for 4.99? Or each 4.99?"", ""reply"": ""Hi there! The bundle is only $4.99 for both the student discount and Hulu. More info here: <historical-link>"", ""similarity"": 0.2863, ""quality"": 0.21, ""weak_intent"": ""other""}]",top1_copy,0.48,assistant_draft
SPOT-183,133956,challenge,@user 4.990 atau 49.990?,,main,other,0.4276,ESCALATE,low_confidence,"Thanks for flagging this. I don’t have enough verified context to resolve it safely here, so I’m escalating it to a support specialist.","[{""pair_id"": ""189827"", ""conversation_id"": ""189827"", ""message"": ""@user Both for 4.99? Or each 4.99?"", ""reply"": ""Hi there! The bundle is only $4.99 for both the student discount and Hulu. More info here: <historical-link>"", ""similarity"": 0.2863, ""quality"": 0.21, ""weak_intent"": ""other""}, {""pair_id"": ""189931"", ""conversation_id"": ""189931"", ""message"": ""@user So 4.99 monthly for how long if i get it"", ""reply"": ""1: Hey! The student discount is good for 12 months. Once it expires, you'll be charged with the regular rate of Premium. Don't worry, you... 2: can still reapply for it if you're still a student after the discount expires. We have more info here: <historical-link>"", ""similarity"": 0.2419, ""quality"": 0.35, ""weak_intent"": ""other""}, {""pair_id"": ""1882761"", ""conversation_id"": ""1882760"", ""message"": ""@user I got charged the 4.99 already"", ""reply"": ""Hi, help's here! Can you ask for your sister's username or account's email address, and DM us? We'll take a look backstage /GT <historical-link>"", ""similarity"": 0.2573, ""quality"": 0.34, ""weak_intent"": ""billing_subscription""}]",deterministic_fallback,0.48,assistant_draft
SPOT-184,568905,challenge,@user Xiaomi redmi note 3. I'm running Android 6.0.1 and I'm using Spotify 8.4.30.688.,"Hey! The cavalry's here. Can you fire over the device's make/model, operating system, and the Spotify version you're using? We'll see what we can suggest",trivial,billing_subscription,0.28,ESCALATE,always_human_baseline,Thanks for reaching out. A support specialist will take a look.,[],fixed,,assistant_draft
SPOT-184,568905,challenge,@user Xiaomi redmi note 3. I'm running Android 6.0.1 and I'm using Spotify 8.4.30.688.,"Hey! The cavalry's here. Can you fire over the device's make/model, operating system, and the Spotify version you're using? We'll see what we can suggest",simple,other,0.35,ESCALATE,missing_context,1: Can you head over to your device's Settings > Sound & notification > App notifications > Spotify? Block all the notifications to... 2: disable the album artwork and widget on the lock screen. Let us know if that helps,"[{""pair_id"": ""2376223"", ""conversation_id"": ""2376222"", ""message"": ""@user I'm using an LG g6 running Android version 7.0. Spotify version 8.4.26. 770"", ""reply"": ""1: Can you head over to your device's Settings > Sound & notification > App notifications > Spotify? Block all the notifications to... 2: disable the album artwork and widget on the lock screen. Let us know if that helps"", ""similarity"": 0.404, ""quality"": 0.71, ""weak_intent"": ""other""}]",top1_copy,0.48,assistant_draft
SPOT-184,568905,challenge,@user Xiaomi redmi note 3. I'm running Android 6.0.1 and I'm using Spotify 8.4.30.688.,"Hey! The cavalry's here. Can you fire over the device's make/model, operating system, and the Spotify version you're using? We'll see what we can suggest",main,playback_technical,0.287,ESCALATE,missing_context,"Thanks for flagging this. I don’t have enough verified context to resolve it safely here, so I’m escalating it to a support specialist.","[{""pair_id"": ""2376223"", ""conversation_id"": ""2376222"", ""message"": ""@user I'm using an LG g6 running Android version 7.0. Spotify version 8.4.26. 770"", ""reply"": ""1: Can you head over to your device's Settings > Sound & notification > App notifications > Spotify? Block all the notifications to... 2: disable the album artwork and widget on the lock screen. Let us know if that helps"", ""similarity"": 0.404, ""quality"": 0.71, ""weak_intent"": ""other""}, {""pair_id"": ""1742936"", ""conversation_id"": ""1742935"", ""message"": ""@user Spot8fy version 8.4.26.770 armv7 Android version 6.0.1"", ""reply"": ""Thanks! Can you try logging out > restarting your device > logging back in? Let us know if that helps"", ""similarity"": 0.3569, ""quality"": 0.7364, ""weak_intent"": ""other""}, {""pair_id"": ""1119233"", ""conversation_id"": ""1119232"", ""message"": ""@user I'm using Android 6.0 and Spotify latest version 8.4.24.871 armV7"", ""reply"": ""Thanks! Can you try logging out > restarting your device > logging back in to see if it helps? Keep us posted"", ""similarity"": 0.327, ""quality"": 0.7519, ""weak_intent"": ""other""}]",deterministic_fallback,0.48,assistant_draft
SPOT-185,2965842,challenge,@user I also Uninstalled and reinstalled the app this morning which didn't help,,trivial,billing_subscription,0.28,ESCALATE,always_human_baseline,Thanks for reaching out. A support specialist will take a look.,[],fixed,,assistant_draft
SPOT-185,2965842,challenge,@user I also Uninstalled and reinstalled the app this morning which didn't help,,simple,other,0.35,ESCALATE,low_confidence,"Got it. Just to check, are you getting any error messages? If so, could you fire over a screenshot of how it looks like on your end?","[{""pair_id"": ""2264740"", ""conversation_id"": ""2264737"", ""message"": ""@user Windows 10 and I have the newest version. I uninstalled Spotify and reinstalled it."", ""reply"": ""Got it. Just to check, are you getting any error messages? If so, could you fire over a screenshot of how it looks like on your end?"", ""similarity"": 0.5618, ""quality"": 0.4367, ""weak_intent"": ""other""}]",top1_copy,0.48,assistant_draft
SPOT-185,2965842,challenge,@user I also Uninstalled and reinstalled the app this morning which didn't help,,main,other,0.35,ESCALATE,low_confidence,"Thanks for flagging this. I don’t have enough verified context to resolve it safely here, so I’m escalating it to a support specialist.","[{""pair_id"": ""2264740"", ""conversation_id"": ""2264737"", ""message"": ""@user Windows 10 and I have the newest version. I uninstalled Spotify and reinstalled it."", ""reply"": ""Got it. Just to check, are you getting any error messages? If so, could you fire over a screenshot of how it looks like on your end?"", ""similarity"": 0.5618, ""quality"": 0.4367, ""weak_intent"": ""other""}, {""pair_id"": ""1853436"", ""conversation_id"": ""1853434"", ""message"": ""@user Also I didn’t delete nor reinstalled the spotify app on my phone"", ""reply"": ""Hmm. Can you let us know if your offline playlists remain downloaded when this happens? Also, could you DM us your account's email? /YM <historical-link>"", ""similarity"": 0.5436, ""quality"": 0.5375, ""weak_intent"": ""other""}, {""pair_id"": ""1364985"", ""conversation_id"": ""1364985"", ""message"": ""@user Uninstalled it.. reinstalled. All working now.. thanks!"", ""reply"": ""Awesome! Give us a shout if you ever need us again. We'd be... <historical-link> 😁"", ""similarity"": 0.5553, ""quality"": 0.1594, ""weak_intent"": ""other""}]",deterministic_fallback,0.48,assistant_draft
SPOT-187,497759,challenge,@user I dm you. Looking for some help.,,trivial,billing_subscription,0.28,ESCALATE,always_human_baseline,Thanks for reaching out. A support specialist will take a look.,[],fixed,,assistant_draft
SPOT-187,497759,challenge,@user I dm you. Looking for some help.,,simple,other,0.35,ESCALATE,low_confidence,"Hey there! Don't worry, we're on it. Our developers are looking into this, and we'll keep everyone updated","[{""pair_id"": ""2309928"", ""conversation_id"": ""2309927"", ""message"": ""@user @user please tell me someone is looking into this. <URL>"", ""reply"": ""Hey there! Don't worry, we're on it. Our developers are looking into this, and we'll keep everyone updated"", ""similarity"": 0.3765, ""quality"": 0.2061, ""weak_intent"": ""other""}]",top1_copy,0.48,assistant_draft
SPOT-187,497759,challenge,@user I dm you. Looking for some help.,,main,other,0.4069,ESCALATE,low_confidence,"Thanks for flagging this. I don’t have enough verified context to resolve it safely here, so I’m escalating it to a support specialist.","[{""pair_id"": ""2309928"", ""conversation_id"": ""2309927"", ""message"": ""@user @user please tell me someone is looking into this. <URL>"", ""reply"": ""Hey there! Don't worry, we're on it. Our developers are looking into this, and we'll keep everyone updated"", ""similarity"": 0.3765, ""quality"": 0.2061, ""weak_intent"": ""other""}, {""pair_id"": ""1102751"", ""conversation_id"": ""1102748"", ""message"": ""@user Getting a message saying that \""This song is not available.\"" for a lot of music I had saved. Looking for some help."", ""reply"": ""Hey Tony, help's here! Could you use shoot us a DM with your account's username and email address? We'll take a look backstage /VK <historical-link>"", ""similarity"": 0.396, ""quality"": 0.3478, ""weak_intent"": ""content_catalog""}, {""pair_id"": ""2337994"", ""conversation_id"": ""2337993"", ""message"": ""@user good lookin out 💯💯💯"", ""reply"": ""Thanks! If you ever need us with anything else, just give us a... <historical-link> 🙂"", ""similarity"": 0.3484, ""quality"": 0.1653, ""weak_intent"": ""other""}]",deterministic_fallback,0.48,assistant_draft
SPOT-189,2927396,challenge,@user Spotify is taking out 4.99 out of my account for the student discount. What I didn’t realize is that I had to be in college so I exited out of the webpage. My Spotify still says my subscription is free but I was charged $4.99 yesterday?,,trivial,billing_subscription,0.28,ESCALATE,always_human_baseline,Thanks for reaching out. A support specialist will take a look.,[],fixed,,assistant_draft
SPOT-189,2927396,challenge,@user Spotify is taking out 4.99 out of my account for the student discount. What I didn’t realize is that I had to be in college so I exited out of the webpage. My Spotify still says my subscription is free but I was charged $4.99 yesterday?,,simple,billing_subscription,0.9,ESCALATE,billing_or_refund,Hi Patricia! We've just sent you a bit more info over DM. We'll carry on helping out there,"[{""pair_id"": ""1013924"", ""conversation_id"": ""1013923"", ""message"": ""@user my Spotify still says free subscription but I see that money came out of my account yesterday. What's going on??"", ""reply"": ""Hi Patricia! We've just sent you a bit more info over DM. We'll carry on helping out there"", ""similarity"": 0.4332, ""quality"": 0.055, ""weak_intent"": ""billing_subscription""}]",top1_copy,0.48,assistant_draft
SPOT-189,2927396,challenge,@user Spotify is taking out 4.99 out of my account for the student discount. What I didn’t realize is that I had to be in college so I exited out of the webpage. My Spotify still says my subscription is free but I was charged $4.99 yesterday?,,main,billing_subscription,0.9,ESCALATE,billing_or_refund,I’m sorry you’re dealing with this. A support specialist should review it securely—please don’t post account or payment details publicly.,"[{""pair_id"": ""1013924"", ""conversation_id"": ""1013923"", ""message"": ""@user my Spotify still says free subscription but I see that money came out of my account yesterday. What's going on??"", ""reply"": ""Hi Patricia! We've just sent you a bit more info over DM. We'll carry on helping out there"", ""similarity"": 0.4332, ""quality"": 0.055, ""weak_intent"": ""billing_subscription""}, {""pair_id"": ""2175438"", ""conversation_id"": ""2175437"", ""message"": ""@user Yesterday I signed up for the student discount. I was charged the 5$ and change but I still don't have premium?"", ""reply"": ""Hey there, we've come to the rescue! Could you DM us your account's username or email address? We'll check backstage /RE <historical-link>"", ""similarity"": 0.3702, ""quality"": 0.5083, ""weak_intent"": ""billing_subscription""}, {""pair_id"": ""1894969"", ""conversation_id"": ""1894968"", ""message"": ""@user I have cancelled my subscription with you a while back but was still charged 9.99 yesterday"", ""reply"": ""Hi there, help's here. Can you fire over your account's email address via DM? We'll check under the hood /NY <historical-link>"", ""similarity"": 0.3704, ""quality"": 0.485, ""weak_intent"": ""billing_subscription""}]",deterministic_fallback,0.48,assistant_draft
SPOT-192,446899,challenge,what's going on with spotify???????????????????????????? @user,,trivial,billing_subscription,0.28,ESCALATE,always_human_baseline,Thanks for reaching out. A support specialist will take a look.,[],fixed,,assistant_draft
SPOT-192,446899,challenge,what's going on with spotify???????????????????????????? @user,,simple,other,0.35,ESCALATE,low_confidence,"Hey, that doesn't sound good! Can you let us know your device's make/model, operating system, and Spotify version?","[{""pair_id"": ""1050994"", ""conversation_id"": ""1050992"", ""message"": ""what's wrong with spotify??????"", ""reply"": ""Hey, that doesn't sound good! Can you let us know your device's make/model, operating system, and Spotify version?"", ""similarity"": 0.8144, ""quality"": 0.4017, ""weak_intent"": ""other""}]",top1_copy,0.48,assistant_draft
SPOT-192,446899,challenge,what's going on with spotify???????????????????????????? @user,,main,other,0.35,ESCALATE,low_confidence,"Thanks for flagging this. I don’t have enough verified context to resolve it safely here, so I’m escalating it to a support specialist.","[{""pair_id"": ""1050994"", ""conversation_id"": ""1050992"", ""message"": ""what's wrong with spotify??????"", ""reply"": ""Hey, that doesn't sound good! Can you let us know your device's make/model, operating system, and Spotify version?"", ""similarity"": 0.8144, ""quality"": 0.4017, ""weak_intent"": ""other""}, {""pair_id"": ""1850767"", ""conversation_id"": ""1850766"", ""message"": ""WHY IS THE CHRONIC NOT ON SPOTIFY???????????????? @user @user what is going on here? 😡"", ""reply"": ""Hey Jasmine, help's here! Could you let us know if you're seeing any error messages when trying to play this song? Let us know 🙂"", ""similarity"": 0.7355, ""quality"": 0.4289, ""weak_intent"": ""other""}, {""pair_id"": ""2013193"", ""conversation_id"": ""2013192"", ""message"": ""@user why is In Front of You by The Quiet Kind not in spotify??????????????????????????????"", ""reply"": ""Hey Andrea! Fingers crossed we'll be able to have it soon, but there's info about Spotify content here: <historical-link>"", ""similarity"": 0.6882, ""quality"": 0.2353, ""weak_intent"": ""other""}]",deterministic_fallback,0.48,assistant_draft
SPOT-193,2861252,challenge,@user Thank you SPOTIFY!!!! I love you!,,trivial,billing_subscription,0.28,ESCALATE,always_human_baseline,Thanks for reaching out. A support specialist will take a look.,[],fixed,,assistant_draft
SPOT-193,2861252,challenge,@user Thank you SPOTIFY!!!! I love you!,,simple,other,0.35,ESCALATE,low_confidence,"Hey! We’d love to have all of their stuff available, but we have some info about content here:","[{""pair_id"": ""934491"", ""conversation_id"": ""934490"", ""message"": ""@user @user @user i need got7 on spotify!!!"", ""reply"": ""Hey! We’d love to have all of their stuff available, but we have some info about content here: <historical-link>"", ""similarity"": 0.4972, ""quality"": 0.3978, ""weak_intent"": ""other""}]",top1_copy,0.48,assistant_draft
SPOT-193,2861252,challenge,@user Thank you SPOTIFY!!!! I love you!,,main,other,0.3594,ESCALATE,low_confidence,"Thanks for flagging this. I don’t have enough verified context to resolve it safely here, so I’m escalating it to a support specialist.","[{""pair_id"": ""934491"", ""conversation_id"": ""934490"", ""message"": ""@user @user @user i need got7 on spotify!!!"", ""reply"": ""Hey! We’d love to have all of their stuff available, but we have some info about content here: <historical-link>"", ""similarity"": 0.4972, ""quality"": 0.3978, ""weak_intent"": ""other""}, {""pair_id"": ""2215888"", ""conversation_id"": ""2215883"", ""message"": ""@user Thank You"", ""reply"": ""1: No worries! To import your iTunes library, you'll need to open iTunes > go to Preferences > select Advanced > select Share iTunes... 2: Library XML with other applications > pick your device above to import the files to Spotify"", ""similarity"": 0.3909, ""quality"": 0.71, ""weak_intent"": ""other""}, {""pair_id"": ""726432"", ""conversation_id"": ""726431"", ""message"": ""@user Oops. Thank you!"", ""reply"": ""No worries! Just let us know if we can help with anything else. <historical-link>"", ""similarity"": 0.3552, ""quality"": 0.1575, ""weak_intent"": ""other""}]",deterministic_fallback,0.48,assistant_draft
SPOT-196,2981116,challenge,@user y’all need to go bug @user and get “Officially Yours” added to the library ASAP,,trivial,billing_subscription,0.28,ESCALATE,always_human_baseline,Thanks for reaching out. A support specialist will take a look.,[],fixed,,assistant_draft
SPOT-196,2981116,challenge,@user y’all need to go bug @user and get “Officially Yours” added to the library ASAP,,simple,playlist_library,0.9,AUTO_HANDLE,none,Hey there! We can see how that can be useful. You can vote for the official idea here:,"[{""pair_id"": ""1526257"", ""conversation_id"": ""1526255"", ""message"": ""Officially hit the arbitrary 10,000 song library limit in Spotify. Just don’t understand why they do things like this. @user"", ""reply"": ""Hey there! We can see how that can be useful. You can vote for the official idea here: <historical-link>"", ""similarity"": 0.3423, ""quality"": 0.2022, ""weak_intent"": ""playlist_library""}]",top1_copy,0.48,assistant_draft
SPOT-196,2981116,challenge,@user y’all need to go bug @user and get “Officially Yours” added to the library ASAP,,main,playlist_library,0.9,AUTO_HANDLE,none,"I can help with that. Which device are you using, and does the same playlist or library issue appear in the web player?","[{""pair_id"": ""1526257"", ""conversation_id"": ""1526255"", ""message"": ""Officially hit the arbitrary 10,000 song library limit in Spotify. Just don’t understand why they do things like this. @user"", ""reply"": ""Hey there! We can see how that can be useful. You can vote for the official idea here: <historical-link>"", ""similarity"": 0.3423, ""quality"": 0.2022, ""weak_intent"": ""playlist_library""}, {""pair_id"": ""1363412"", ""conversation_id"": ""1363411"", ""message"": ""@user Is this the official playlist?"", ""reply"": ""Yes, our Curation team are independent & use taste, data, research, and trends to create playlists 🙂"", ""similarity"": 0.3243, ""quality"": 0.1944, ""weak_intent"": ""playlist_library""}, {""pair_id"": ""2481128"", ""conversation_id"": ""2481127"", ""message"": ""Why can't you officially launch Spotify here? @user"", ""reply"": ""1: Hey! We don't have any info on this, but we're launching in new countries as often as possible. Be sure to... 2: add your email at <historical-link> to be the first to know. Give us a shout if you have other questions"", ""similarity"": 0.3403, ""quality"": 0.35, ""weak_intent"": ""other""}]",deterministic_fallback,0.48,assistant_draft
SPOT-198,2912475,challenge,"@user Great customer service!👍 if there’s any way you can let your product teams know the new play view, such as on Spotify’s ‘mint’ playlist, is awesome... please add the option for this across the app! 😉 <URL>","If there's anything else, just give us a shout. <historical-link> 🎧",trivial,billing_subscription,0.28,ESCALATE,always_human_baseline,Thanks for reaching out. A support specialist will take a look.,[],fixed,,assistant_draft
SPOT-198,2912475,challenge,"@user Great customer service!👍 if there’s any way you can let your product teams know the new play view, such as on Spotify’s ‘mint’ playlist, is awesome... please add the option for this across the app! 😉 <URL>","If there's anything else, just give us a shout. <historical-link> 🎧",simple,playlist_library,0.8669,AUTO_HANDLE,none,"Aww, thanks for the kind words! You're making us blush. Give us a shout for anything else. We're...  😍","[{""pair_id"": ""1198680"", ""conversation_id"": ""1198679"", ""message"": ""@user has a great customer service team"", ""reply"": ""Aww, thanks for the kind words! You're making us blush. Give us a shout for anything else. We're... <historical-link> 😍"", ""similarity"": 0.3449, ""quality"": 0.2314, ""weak_intent"": ""other""}]",top1_copy,0.48,assistant_draft
SPOT-198,2912475,challenge,"@user Great customer service!👍 if there’s any way you can let your product teams know the new play view, such as on Spotify’s ‘mint’ playlist, is awesome... please add the option for this across the app! 😉 <URL>","If there's anything else, just give us a shout. <historical-link> 🎧",main,playlist_library,0.8669,AUTO_HANDLE,none,"I can help with that. Which device are you using, and does the same playlist or library issue appear in the web player?","[{""pair_id"": ""1198680"", ""conversation_id"": ""1198679"", ""message"": ""@user has a great customer service team"", ""reply"": ""Aww, thanks for the kind words! You're making us blush. Give us a shout for anything else. We're... <historical-link> 😍"", ""similarity"": 0.3449, ""quality"": 0.2314, ""weak_intent"": ""other""}, {""pair_id"": ""1999689"", ""conversation_id"": ""1999688"", ""message"": ""@user great customer service #Spotify"", ""reply"": ""Thanks for the kind words! If you need help with anything else, just give us a shout. Otherwise, have a... <historical-link> 😉"", ""similarity"": 0.322, ""quality"": 0.245, ""weak_intent"": ""other""}, {""pair_id"": ""2203692"", ""conversation_id"": ""2203691"", ""message"": ""@user great customer service 🙄"", ""reply"": ""We've just sent a DM your way. Let's carry on chatting there"", ""similarity"": 0.3287, ""quality"": 0.0, ""weak_intent"": ""other""}]",deterministic_fallback,0.48,assistant_draft
SPOT-199,2920794,challenge,"@user having issues I’ve never had before using Spotify. Won’t let me search, use Home, or Radio. I keep getting the “error has occurred, please try again message”",,trivial,billing_subscription,0.28,ESCALATE,always_human_baseline,Thanks for reaching out. A support specialist will take a look.,[],fixed,,assistant_draft
SPOT-199,2920794,challenge,"@user having issues I’ve never had before using Spotify. Won’t let me search, use Home, or Radio. I keep getting the “error has occurred, please try again message”",,simple,playback_technical,0.6934,AUTO_HANDLE,none,"Hey there! Could you let us know your device's make/model, operating system, and Spotify version? We'll see what we can suggest","[{""pair_id"": ""2027299"", ""conversation_id"": ""2027298"", ""message"": ""@user why isn’t my Spotify radio nor any searches working and I’m a premium member? Keeps saying an “error occurred.” Restarted my phone"", ""reply"": ""Hey there! Could you let us know your device's make/model, operating system, and Spotify version? We'll see what we can suggest"", ""similarity"": 0.3703, ""quality"": 0.4269, ""weak_intent"": ""billing_subscription""}]",top1_copy,0.48,assistant_draft
SPOT-199,2920794,challenge,"@user having issues I’ve never had before using Spotify. Won’t let me search, use Home, or Radio. I keep getting the “error has occurred, please try again message”",,main,playback_technical,0.6934,AUTO_HANDLE,none,"Sorry about the playback trouble. Which device, operating system, and app version are you using, and does it also happen on another network?","[{""pair_id"": ""2027299"", ""conversation_id"": ""2027298"", ""message"": ""@user why isn’t my Spotify radio nor any searches working and I’m a premium member? Keeps saying an “error occurred.” Restarted my phone"", ""reply"": ""Hey there! Could you let us know your device's make/model, operating system, and Spotify version? We'll see what we can suggest"", ""similarity"": 0.3703, ""quality"": 0.4269, ""weak_intent"": ""billing_subscription""}, {""pair_id"": ""48105"", ""conversation_id"": ""48100"", ""message"": ""@user Before messing with the settings I was getting error code: 2 I am able to use the web player, but miss my friend feed"", ""reply"": ""Best thing to try here is a reinstall. Just follow the steps at <historical-link> Let us know how it goes"", ""similarity"": 0.217, ""quality"": 0.7442, ""weak_intent"": ""playback_technical""}, {""pair_id"": ""1477930"", ""conversation_id"": ""1477928"", ""message"": ""@user hi - I can't play a lot of the songs. Getting error message. Help?"", ""reply"": ""Hey Pedro, help's here. Can you let us know the device, OS, and Spotify version you're using? We'll see what we can suggest"", ""similarity"": 0.2166, ""quality"": 0.4192, ""weak_intent"": ""playback_technical""}]",deterministic_fallback,0.48,assistant_draft
SPOT-200,2917876,challenge,Spotify is down... I need to download Christmas songs to annoy the Christmas temps at work 😩😩😂😂 @user help me!,,trivial,billing_subscription,0.28,ESCALATE,always_human_baseline,Thanks for reaching out. A support specialist will take a look.,[],fixed,,assistant_draft
SPOT-200,2917876,challenge,Spotify is down... I need to download Christmas songs to annoy the Christmas temps at work 😩😩😂😂 @user help me!,,simple,playback_technical,0.7075,ESCALATE,weak_evidence,"Hey! Fingers crossed we'll be able to have it soon, but there's info about Spotify content here:","[{""pair_id"": ""2049178"", ""conversation_id"": ""2049177"", ""message"": ""@user @user all i want for christmas is merry christmas lil’ mama on spotify. PLEASE @user"", ""reply"": ""Hey! Fingers crossed we'll be able to have it soon, but there's info about Spotify content here: <historical-link>"", ""similarity"": 0.5189, ""quality"": 0.2217, ""weak_intent"": ""other""}]",top1_copy,0.48,assistant_draft
SPOT-200,2917876,challenge,Spotify is down... I need to download Christmas songs to annoy the Christmas temps at work 😩😩😂😂 @user help me!,,main,playback_technical,0.7075,ESCALATE,weak_evidence,"Thanks for flagging this. I don’t have enough verified context to resolve it safely here, so I’m escalating it to a support specialist.","[{""pair_id"": ""2049178"", ""conversation_id"": ""2049177"", ""message"": ""@user @user all i want for christmas is merry christmas lil’ mama on spotify. PLEASE @user"", ""reply"": ""Hey! Fingers crossed we'll be able to have it soon, but there's info about Spotify content here: <historical-link>"", ""similarity"": 0.5189, ""quality"": 0.2217, ""weak_intent"": ""other""}, {""pair_id"": ""1440292"", ""conversation_id"": ""1440289"", ""message"": ""@user why has Driving Home for Christmas by Chris Rea been deleted from Spotify? It is the ultimate Christmas song 😔"", ""reply"": ""Hey there! Sometimes content gets temporarily removed because of licensing changes. Hopefully we'll have it available again soon"", ""similarity"": 0.4886, ""quality"": 0.6089, ""weak_intent"": ""other""}, {""pair_id"": ""2275476"", ""conversation_id"": ""2275475"", ""message"": ""did you all know @user Christmas album is not on @user 😮"", ""reply"": ""Hey Casey! We’d love to have all of her stuff available, but we have some info about content here: <historical-link>"", ""similarity"": 0.4977, ""quality"": 0.4056, ""weak_intent"": ""content_catalog""}]",deterministic_fallback,0.48,assistant_draft
