audit_id,gold_id,agreement_partition,system_blind,message,context,primary_intent,should_escalate,required_reply_points,forbidden_claims,draft_reply,evidence,human_groundedness,human_actionability,human_tone,human_safety,human_accept,human_critical_error,human_notes,annotator
AUD-058,SPOT-096,holdout,System C,@user No on the shuffle of the band,"Hey there! We hear you. Just to check, did this song appear at the end of your playlist?",playlist_library,true,Clarify what no refers to and where the unexpected song appeared; ask for the playlist or artist context and device details needed to reproduce the shuffle behavior,Assume the cause of the shuffle; claim an account fix; state that the behavior is expected without understanding it,Thanks for reaching out. A support specialist will take a look.,[],,,,,,,,
AUD-100,SPOT-166,holdout,System C,"Dear @user , How do I hide all things Christmas from my experience. I'm bombarded with that perversion everywhere else in life. Please make it go away.",,product_feedback,false,Acknowledge the request to reduce seasonal recommendations and suggest current preference or feedback controls if verified,Treat 'bombarded' as a bomb threat; promise all Christmas content can be hidden,Thanks for reaching out. A support specialist will take a look.,[],,,,,,,,
AUD-064,SPOT-106,holdout,System C,"@user I've linked my Spotify account to @user in the past, then I've deactivated my Facebook for over a year now, yet every time I try to sign in to Spotify, it re-activates my Facebook again!! I want to unlink my account with Facebook, I've stopped using Spotify!",,account_access,true,Route secure help for unlinking Facebook and changing the sign-in method; advise against posting account identifiers or a Facebook profile publicly; use verified account-linking steps,Claim the accounts are unlinked; ask for email password or profile URL publicly; assert why Facebook reactivates,Thanks for reaching out. A support specialist will take a look.,[],,,,,,,,
AUD-086,SPOT-138,holdout,System B,"@user I have read on the <URL> website that they are offering a $0.99 a month introductory rate for the first three months.I cant find any equivalent in GB £ sterling for people in the UK. Does the offer exist to us, How much is it in pounds? thanks",,billing_subscription,true,Acknowledge the UK promotion and GBP-price question; verify current regional eligibility and price through an official source or billing specialist; advise against sharing payment details publicly,Do not quote a 2017 price or say the offer is available; do not claim the account or promotion was checked,"Hi! The Intro Offer isn't available right now. Don't worry, you can check out other offers at  Hope this helps","[{""pair_id"": ""2344108"", ""conversation_id"": ""2344106"", ""message"": ""Yo @user hmu with that three months for $0.99"", ""reply"": ""Hi! The Intro Offer isn't available right now. Don't worry, you can check out other offers at <historical-link> Hope this helps"", ""similarity"": 0.3215, ""quality"": 0.6069, ""weak_intent"": ""other""}]",,,,,,,,
AUD-010,SPOT-020,holdout,System C,@user can I please get some help,,other,true,Ask the customer to describe the issue including the relevant feature error and device; tell them not to post passwords payment details or other sensitive data publicly,Do not guess the problem; do not claim access to the account; do not ask for a password,Thanks for reaching out. A support specialist will take a look.,[],,,,,,,,
AUD-079,SPOT-129,calibration,System C,"@user I'm interested in your company's history but what's up with all these versions of the Spotify company? AB, Limited, Technology S.A, etc. I'd love to get some clarity on this topic!",,other,true,Direct the company-history question to official corporate or press sources; state only verified relationships among the legal entities,Invent the corporate structure; give legal advice; imply the support agent can authoritatively explain unverified entities,Thanks for reaching out. A support specialist will take a look.,[],,,,,,,,
AUD-115,SPOT-189,holdout,System C,@user Spotify is taking out 4.99 out of my account for the student discount. What I didn’t realize is that I had to be in college so I exited out of the webpage. My Spotify still says my subscription is free but I was charged $4.99 yesterday?,,billing_subscription,true,Acknowledge student charge with free status; route secure billing review,Guarantee refund or Premium; request card or account data publicly; blame eligibility,Thanks for reaching out. A support specialist will take a look.,[],,,,,,,,
AUD-025,SPOT-041,holdout,System C,"@user um, my account has been disabled and i didnt do anything wrong. What's up with that?",,account_access,true,Acknowledge that the account appears disabled without presuming wrongdoing; move the case to secure human review for identity and status verification; explain what non-sensitive information may be needed privately,Do not promise reactivation; do not accuse the customer or disclose an unverified reason; do not ask for the password,Thanks for reaching out. A support specialist will take a look.,[],,,,,,,,
AUD-061,SPOT-098,holdout,System C,"@user If you really love students, then why is there only college students only instead for all students? Be specific next time with your stupid ass ads. I'm in high school and today you guys ruined my day trying to listen some music with premium.",,billing_subscription,true,Acknowledge the frustration; provide current verified student-plan eligibility and alternatives; record the separate complaint about misleading ad wording,Insult or scold the customer; promise high-school eligibility or Premium; invent plan rules,Thanks for reaching out. A support specialist will take a look.,[],,,,,,,,
AUD-089,SPOT-147,calibration,System B,@user no it works fine on my MacBook Air and on iPhone,That's odd. Is this also happening on a different device? Keep us in the loop,other,true,Acknowledge that the issue does not occur on the MacBook Air or iPhone; ask which device fails and what behavior or error appears there,Do not assume the failing device or underlying problem; do not claim an account investigation occurred,Thanks! Does logging out > restarting the device > logging back in help? Keep us posted,"[{""pair_id"": ""55248"", ""conversation_id"": ""55246"", ""message"": ""@user Hi guys, I’m using my MacBook Air and also my iPhone 6 SE. Thanks :)"", ""reply"": ""Thanks! Does logging out > restarting the device > logging back in help? Keep us posted"", ""similarity"": 0.5815, ""quality"": 0.3492, ""weak_intent"": ""other""}]",,,,,,,,
AUD-006,SPOT-012,calibration,System A,"@user Hello, I signed up for a new account and my username is a bunch of random letters and numbers. Could you please help me set it to the username I want?",,account_access,true,Explain the difference between an immutable or generated username and an editable display name if applicable; provide the supported self-service option; move any account-specific change or lookup to a secure channel,Do not promise that the login username can be changed; do not claim to have modified the account; do not ask for the password,I’m sorry you’re dealing with this. A support specialist should review it securely—please don’t post account or payment details publicly.,"[{""pair_id"": ""1031952"", ""conversation_id"": ""1031951"", ""message"": ""@user @user I signed up for an account and my username is random letters and numbers. I didn't set my username to that. Any help?"", ""reply"": ""Hey Luis! Can you DM us your account's email address? We'll take a look backstage /JL <historical-link>"", ""similarity"": 0.74, ""quality"": 0.2603, ""weak_intent"": ""account_access""}, {""pair_id"": ""1815535"", ""conversation_id"": ""1815534"", ""message"": ""@user why is my Spotify username a bunch of random numbers and letters when I didn't set it to that?"", ""reply"": ""Hey Brandon! Could you DM us your Spotify account's email address? We'll take a look under the hood /BH <historical-link>"", ""similarity"": 0.6505, ""quality"": 0.2953, ""weak_intent"": ""account_access""}, {""pair_id"": ""1243463"", ""conversation_id"": ""1243461"", ""message"": ""@user how do i change my username? It’s a bunch of letters and numbers."", ""reply"": ""Hey there! Can you DM us your account's email address or username? We'll check backstage /AR <historical-link>"", ""similarity"": 0.599, ""quality"": 0.4539, ""weak_intent"": ""account_access""}]",,,,,,,,
AUD-018,SPOT-033,calibration,System A,@user I am still having issues,,other,true,Ask the customer to restate the issue exact symptom and steps already tried and provide device or account area as relevant; use thread context if it can be recovered,Do not assume which issue persists; do not repeat unverified troubleshooting; do not claim resolution,"Thanks for flagging this. I don’t have enough verified context to resolve it safely here, so I’m escalating it to a support specialist.","[{""pair_id"": ""6492"", ""conversation_id"": ""6492"", ""message"": ""@user @user i am still having payment issues"", ""reply"": ""Hi Sebastian, help's here! Could you DM us your account's username and email address? We'll do some digging 🔍"", ""similarity"": 0.8363, ""quality"": 0.2719, ""weak_intent"": ""billing_subscription""}, {""pair_id"": ""908514"", ""conversation_id"": ""908514"", ""message"": ""@user @user I am also having issues"", ""reply"": ""Hey Varun, help's here! Could you let us know more about what's going on? We'll gladly lend a hand"", ""similarity"": 0.7683, ""quality"": 0.3706, ""weak_intent"": ""other""}, {""pair_id"": ""1231488"", ""conversation_id"": ""1231487"", ""message"": ""@user I'm still having a issue"", ""reply"": ""Hey! We've just sent a DM your way. Check your Messages"", ""similarity"": 0.7376, ""quality"": 0.1669, ""weak_intent"": ""other""}]",,,,,,,,
AUD-067,SPOT-107,calibration,System C,@user Hi can't update payment info with new payment method. Tried canceling account and that didn't work either. HELP!,,billing_subscription,true,Acknowledge both the failed payment-method update and failed cancellation; route secure billing review; warn against posting card or account data,Claim the payment method changed or subscription cancelled; guarantee a refund; request card details publicly,Thanks for reaching out. A support specialist will take a look.,[],,,,,,,,
AUD-091,SPOT-157,holdout,System C,Problems again @user @user still not allowing Paypal subscription keeps looping back to payment screen,,billing_subscription,true,Acknowledge repeated PayPal checkout loop; route billing diagnostics and ask for non-sensitive error details,Ask for PayPal credentials; promise a successful charge; repeat the same failed step,Thanks for reaching out. A support specialist will take a look.,[],,,,,,,,
AUD-055,SPOT-092,holdout,System C,nako spotify,,other,true,Ask what happened and what help they need; offer an appropriate language-support route if needed,Claim a DM was sent; claim the issue is resolved; invent the meaning of the phrase,Thanks for reaching out. A support specialist will take a look.,[],,,,,,,,
AUD-082,SPOT-135,holdout,System C,@user hi. Every time I open the Spotify app on my iPad it redownloads all my songs again. Is there a way to fix this?,,playback_technical,false,"Acknowledge that downloads are repeatedly fetched again; offer current iPad download and offline troubleshooting; ask for app version, iPadOS version, and available storage if it continues",Do not claim a known cause or guaranteed fix; do not reuse the historical link as current without verification,Thanks for reaching out. A support specialist will take a look.,[],,,,,,,,
AUD-019,SPOT-038,holdout,System C,Hey @user.. I’ve been trying to update my payment for my premium account but every time I hit continue the loading wheel just spins endlessly. Help me out here..,,billing_subscription,true,Acknowledge that the payment-update page spins after Continue; suggest a different browser or private window and basic browser checks; if it persists move the account and payment review to a private secure channel,Do not claim the payment method was updated or charged; do not ask for full card details or a password; do not guarantee the browser step will work,Thanks for reaching out. A support specialist will take a look.,[],,,,,,,,
AUD-070,SPOT-108,holdout,System C,@user Missing all together 🤦🏻‍♂️🤦🏻‍♂️🤦🏻‍♂️,"Hey there! That doesn't sound good. Just to check, are your songs removed from download or missing altogether?",playlist_library,true,Confirm that the songs are missing rather than merely not downloaded; ask where they are missing and whether the web player shows them; route account-library review if needed,Claim the songs can be restored; assume they were deleted; request account identifiers publicly,Thanks for reaching out. A support specialist will take a look.,[],,,,,,,,
AUD-063,SPOT-098,holdout,System A,"@user If you really love students, then why is there only college students only instead for all students? Be specific next time with your stupid ass ads. I'm in high school and today you guys ruined my day trying to listen some music with premium.",,billing_subscription,true,Acknowledge the frustration; provide current verified student-plan eligibility and alternatives; record the separate complaint about misleading ad wording,Insult or scold the customer; promise high-school eligibility or Premium; invent plan rules,I’m sorry you’re dealing with this. A support specialist should review it securely—please don’t post account or payment details publicly.,"[{""pair_id"": ""2071597"", ""conversation_id"": ""2071596"", ""message"": ""@user does your student offer for both premium and hulu apply to high school students or only college students?"", ""reply"": ""1: Hey there! Students must be actively in term at their college/university to be eligible to apply the discount. If they try to sign... 2: up during the holidays, or before their term begins they are likely to be declined. More info here: <historical-link>"", ""similarity"": 0.5158, ""quality"": 0.53, ""weak_intent"": ""billing_subscription""}, {""pair_id"": ""651747"", ""conversation_id"": ""651746"", ""message"": ""@user Are college students the only ones applicable to the student discount? how about us High School students? 😢"", ""reply"": ""1: Hi! The student discount is only available for students currently enrolled in an accredited college or... 2: university. More info at <historical-link>"", ""similarity"": 0.4466, ""quality"": 0.4911, ""weak_intent"": ""billing_subscription""}, {""pair_id"": ""1264687"", ""conversation_id"": ""1264685"", ""message"": ""@user why do only college students get a discount? what about high school students? we enjoy music too...☹️😥"", ""reply"": ""Hi! This isn't possible right now. Don't worry, we'll let the right folks know this is something you'd like to see"", ""similarity"": 0.4584, ""quality"": 0.2217, ""weak_intent"": ""billing_subscription""}]",,,,,,,,
AUD-112,SPOT-183,calibration,System C,@user 4.990 atau 49.990?,,billing_subscription,true,Clarify currency country and which price or screen the customer means; offer appropriate language support,Choose one price; assume currency or market; repeat a 2017 price,Thanks for reaching out. A support specialist will take a look.,[],,,,,,,,
AUD-104,SPOT-168,holdout,System B,"@user Do you really? Why is there no Disconnect from Facebook button, why do we need to 'log a ticket'. Good luck with GDPR.",,account_access,true,Acknowledge the Facebook-disconnect and GDPR concern; route privacy-policy review through a secure official channel,Dismiss GDPR; claim compliance; ask for account data publicly; quote a stale disconnect policy,Hi! We can help with that. Can you DM us your account's email address? We'll take look backstage 🔍 /PI,"[{""pair_id"": ""609612"", ""conversation_id"": ""609611"", ""message"": ""@user is there any way to disconnect facebook from a spotify account?"", ""reply"": ""Hi! We can help with that. Can you DM us your account's email address? We'll take look backstage 🔍 /PI <historical-link>"", ""similarity"": 0.4545, ""quality"": 0.2933, ""weak_intent"": ""account_access""}]",,,,,,,,
AUD-012,SPOT-020,holdout,System A,@user can I please get some help,,other,true,Ask the customer to describe the issue including the relevant feature error and device; tell them not to post passwords payment details or other sensitive data publicly,Do not guess the problem; do not claim access to the account; do not ask for a password,"Thanks for flagging this. I don’t have enough verified context to resolve it safely here, so I’m escalating it to a support specialist.","[{""pair_id"": ""979822"", ""conversation_id"": ""979821"", ""message"": ""@user Can i get some help please"", ""reply"": ""Hey! We've already replied to your DM. Let's continue chatting there"", ""similarity"": 1.0, ""quality"": 0.0122, ""weak_intent"": ""other""}, {""pair_id"": ""962698"", ""conversation_id"": ""962696"", ""message"": ""@user Need some help please"", ""reply"": ""Hi Jay. We've just sent a DM your way. Let's carry on chatting there"", ""similarity"": 0.7658, ""quality"": 0.0122, ""weak_intent"": ""other""}, {""pair_id"": ""917351"", ""conversation_id"": ""917350"", ""message"": ""@user help me please"", ""reply"": ""Hi Devin, sorry for the wait. We've just dropped you a DM. Let's carry on there"", ""similarity"": 0.7154, ""quality"": 0.0336, ""weak_intent"": ""other""}]",,,,,,,,
AUD-088,SPOT-147,calibration,System C,@user no it works fine on my MacBook Air and on iPhone,That's odd. Is this also happening on a different device? Keep us in the loop,other,true,Acknowledge that the issue does not occur on the MacBook Air or iPhone; ask which device fails and what behavior or error appears there,Do not assume the failing device or underlying problem; do not claim an account investigation occurred,Thanks for reaching out. A support specialist will take a look.,[],,,,,,,,
AUD-078,SPOT-120,holdout,System A,.@user - Changed my CC today (nov 29) & it says everything is good for Dec 29. Does that mean I will not have my subscription until then? I need music everyday - we are a restaurant.,,billing_subscription,true,Route secure verification of current subscription status renewal date and card update; explain only verified date semantics; avoid giving commercial-use approval,Guarantee uninterrupted service; state the card update succeeded; say a personal subscription authorizes restaurant playback; request payment details publicly,I’m sorry you’re dealing with this. A support specialist should review it securely—please don’t post account or payment details publicly.,"[{""pair_id"": ""780385"", ""conversation_id"": ""780384"", ""message"": ""@user I cancelled my subscription at the end of sept and was charged today for my subscription."", ""reply"": ""Hey Corey! Can you DM us your account's email address and username? We'll take a look backstage /SU <historical-link>"", ""similarity"": 0.2768, ""quality"": 0.2875, ""weak_intent"": ""billing_subscription""}, {""pair_id"": ""2039262"", ""conversation_id"": ""2039261"", ""message"": ""@user my Premium subscription has stopped & doesn't restart until end of month. Can you help?"", ""reply"": ""Hi Chris! Help's here. Can you DM us your account's username or email address? We'll check things backstage /MU <historical-link>"", ""similarity"": 0.2585, ""quality"": 0.4908, ""weak_intent"": ""billing_subscription""}, {""pair_id"": ""2071740"", ""conversation_id"": ""2071739"", ""message"": "".@user why is my student subscription not working for Hulu?"", ""reply"": ""Hey! What's happening exactly? Can you also DM us your account's username or email address? We'll check things out for you /YM <historical-link>"", ""similarity"": 0.2365, ""quality"": 0.52, ""weak_intent"": ""billing_subscription""}]",,,,,,,,
AUD-053,SPOT-091,holdout,System B,@user how i'm gonna pay to subscribe premium if i don't have any credit card or molpoint?,,billing_subscription,true,Explain that payment options depend on country and current plan terms; direct them to the official payment-method page or secure support; do not request financial data publicly,Claim an unverified method is accepted; ask for card or wallet details publicly; promise subscription activation,Sorry to hear that! Check out the steps under “Downloads unexpectedly removed” at  They should help with this,"[{""pair_id"": ""2165586"", ""conversation_id"": ""2165583"", ""message"": ""@user Im a premium subscriber"", ""reply"": ""Sorry to hear that! Check out the steps under “Downloads unexpectedly removed” at <historical-link> They should help with this"", ""similarity"": 0.3963, ""quality"": 0.425, ""weak_intent"": ""billing_subscription""}]",,,,,,,,
AUD-073,SPOT-112,calibration,System C,@user I was wondering what are the chances of Spotify adding King Crimson’s discography/studio albums.,,content_catalog,false,Acknowledge the request for King Crimson albums; explain catalog availability can change; direct them to official availability information or request channels,Promise the discography will be added; give odds or a date; state a specific rights issue as fact,Thanks for reaching out. A support specialist will take a look.,[],,,,,,,,
AUD-029,SPOT-043,calibration,System B,@user where can i find the release notes of last updates? can't find it :/,,product_feedback,false,Explain accurately whether version-specific release notes are available and where official update information can be found; acknowledge that detailed notes would be useful and record the feedback,Do not invent release notes or a link; do not promise future publication; do not claim a specific change was in an update without evidence,Hey Mario! You can add your support at  to help make it happen. For anything else let us know,"[{""pair_id"": ""2679877"", ""conversation_id"": ""2679876"", ""message"": ""@user Where can I find release notes for updates? “We’re always making changes and improvements” is all I see, ever. iOS 11"", ""reply"": ""Hey Mario! You can add your support at <historical-link> to help make it happen. For anything else let us know"", ""similarity"": 0.4474, ""quality"": 0.2139, ""weak_intent"": ""content_catalog""}]",,,,,,,,
AUD-076,SPOT-120,holdout,System C,.@user - Changed my CC today (nov 29) & it says everything is good for Dec 29. Does that mean I will not have my subscription until then? I need music everyday - we are a restaurant.,,billing_subscription,true,Route secure verification of current subscription status renewal date and card update; explain only verified date semantics; avoid giving commercial-use approval,Guarantee uninterrupted service; state the card update succeeded; say a personal subscription authorizes restaurant playback; request payment details publicly,Thanks for reaching out. A support specialist will take a look.,[],,,,,,,,
AUD-021,SPOT-038,holdout,System A,Hey @user.. I’ve been trying to update my payment for my premium account but every time I hit continue the loading wheel just spins endlessly. Help me out here..,,billing_subscription,true,Acknowledge that the payment-update page spins after Continue; suggest a different browser or private window and basic browser checks; if it persists move the account and payment review to a private secure channel,Do not claim the payment method was updated or charged; do not ask for full card details or a password; do not guarantee the browser step will work,I’m sorry you’re dealing with this. A support specialist should review it securely—please don’t post account or payment details publicly.,"[{""pair_id"": ""2312370"", ""conversation_id"": ""2312369"", ""message"": ""@user Help @user I am trying to update my payment method for my premium subscription but it’s not going through the wheel just keeps spinning I have been trying for four days...."", ""reply"": ""Hey Kelli, help's arrived! We've just replied to your DM. Let's carry on chatting there"", ""similarity"": 0.3624, ""quality"": 0.0492, ""weak_intent"": ""billing_subscription""}, {""pair_id"": ""2059017"", ""conversation_id"": ""2059016"", ""message"": ""@user Hey I've tried to update my payment and continue my premium subscription but every single card I use doesn't work at all. <URL>"", ""reply"": ""Hey there! Help's arrived. Can you DM us your account's email address or username? We'll take a look backstage /KM <historical-link>"", ""similarity"": 0.3292, ""quality"": 0.3167, ""weak_intent"": ""billing_subscription""}, {""pair_id"": ""2350985"", ""conversation_id"": ""2350984"", ""message"": ""@user Having issues updating my payment method on both mobile and desktop sites. Progress wheel keeps spinning when I hit \""continue\"". Help?"", ""reply"": ""Hey there! Could you try using an incognito window? Let us know how it goes"", ""similarity"": 0.2892, ""quality"": 0.5058, ""weak_intent"": ""billing_subscription""}]",,,,,,,,
AUD-023,SPOT-039,calibration,System B,@user is down 😫,,playback_technical,false,Acknowledge the apparent outage; refer only to verified current service status; ask whether it is still happening and collect region device and symptom details if so,Do not confirm a broad outage or say it is resolved without verification; do not invent a cause,"Hey! Things should be looking good now, but give our Artist team a shout at  if you still need help 🙂 /N","[{""pair_id"": ""1807095"", ""conversation_id"": ""1807094"", ""message"": ""@user is down ⬇️ #Spotify <URL>"", ""reply"": ""Hey! Things should be looking good now, but give our Artist team a shout at <historical-link> if you still need help 🙂 /N"", ""similarity"": 0.4279, ""quality"": 0.2353, ""weak_intent"": ""other""}]",,,,,,,,
AUD-108,SPOT-171,holdout,System A,I.CANT.REGISTER!!! 😭 @user <URL>,,account_access,true,Acknowledge registration failure and route account setup help; ask only for non-sensitive error text or screenshot,Ask for password or email publicly; claim registration succeeded,"Thanks for flagging this. I don’t have enough verified context to resolve it safely here, so I’m escalating it to a support specialist.","[{""pair_id"": ""809602"", ""conversation_id"": ""809601"", ""message"": ""What? @user is not on @user!!!"", ""reply"": ""We'd love to have them on Spotify! Hopefully we will in the future. Check this out: <historical-link>"", ""similarity"": 0.3723, ""quality"": 0.3764, ""weak_intent"": ""other""}, {""pair_id"": ""1834158"", ""conversation_id"": ""1834157"", ""message"": ""@user @user <URL>"", ""reply"": ""1: Hi Mike! Help's here. We can confirm that the track is currently unavailable on Spotify. Sometimes content gets temporarily removed... 2: due to licensing changes. Having said that, it's odd that you're still hearing audio. Can you check if it's the same while streaming?"", ""similarity"": 0.2673, ""quality"": 0.89, ""weak_intent"": ""other""}, {""pair_id"": ""1533098"", ""conversation_id"": ""1533094"", ""message"": ""Yo, how does a guy register for @user ?"", ""reply"": ""Hi there! It’s great to hear you’re looking to put music on Spotify. You can find all the info you need at: <historical-link> 🙂"", ""similarity"": 0.3033, ""quality"": 0.2469, ""weak_intent"": ""other""}]",,,,,,,,
AUD-095,SPOT-163,holdout,System B,"@user - Some lovely human hacked my account and changed my login credentials. Luckily this morning I had an antiquated circle called a cd, but I won’t last long without infinite variety. Help! #hacked #spotify #help",,account_access,true,Prioritize secure compromised-account recovery and advise against posting credentials,Ask for password or email publicly; claim access was restored; minimize compromise,"Hey Kareem, we're sorry to hear that. Check out  for what to do next","[{""pair_id"": ""827520"", ""conversation_id"": ""827519"", ""message"": ""@user my account was hacked and the new user changed the email address and I can't live without music please help"", ""reply"": ""Hey Kareem, we're sorry to hear that. Check out <historical-link> for what to do next"", ""similarity"": 0.2482, ""quality"": 0.3453, ""weak_intent"": ""account_access""}]",,,,,,,,
AUD-118,SPOT-193,holdout,System C,@user Thank you SPOTIFY!!!! I love you!,,other,false,Reply with a concise appreciative acknowledgement,Open troubleshooting; request account details; claim a support action,Thanks for reaching out. A support specialist will take a look.,[],,,,,,,,
AUD-050,SPOT-080,holdout,System B,Hello? @user?? You're not working and I have 20 minutes to dance around my lounge room before I have to go to work!!!,,playback_technical,false,Apologize for the interruption; ask whether playback is still failing; if so request device app and network details or direct them to a verified status page,Claim everything is now working; assert a confirmed outage without live evidence; make light of the urgency,Hey there! Can you let us know what's happening exactly? We'll see what we can suggest,"[{""pair_id"": ""1853479"", ""conversation_id"": ""1853471"", ""message"": "".@user that was NOT 30 minutes"", ""reply"": ""Hey there! Can you let us know what's happening exactly? We'll see what we can suggest"", ""similarity"": 0.2504, ""quality"": 0.3472, ""weak_intent"": ""other""}]",,,,,,,,
AUD-081,SPOT-129,calibration,System A,"@user I'm interested in your company's history but what's up with all these versions of the Spotify company? AB, Limited, Technology S.A, etc. I'd love to get some clarity on this topic!",,other,true,Direct the company-history question to official corporate or press sources; state only verified relationships among the legal entities,Invent the corporate structure; give legal advice; imply the support agent can authoritatively explain unverified entities,"Thanks for flagging this. I don’t have enough verified context to resolve it safely here, so I’m escalating it to a support specialist.","[{""pair_id"": ""1663706"", ""conversation_id"": ""1663705"", ""message"": ""@user Can I use Spotify family in company? Do you send invoice for company? Thank you"", ""reply"": ""Hi there! Can you fire over your account's email address via DM? We'll see what we can suggest /NY <historical-link>"", ""similarity"": 0.3264, ""quality"": 0.2856, ""weak_intent"": ""other""}, {""pair_id"": ""1828726"", ""conversation_id"": ""1828725"", ""message"": ""Idk what technology @user uses when you put your playlist on shuffle but I can tell you 45% of the time my music does not shuffle 😑😐😐"", ""reply"": ""Hey! What device, operating system, and Spotify version are you on? By any chance, are you listening on shuffle via Spotify Connect?"", ""similarity"": 0.284, ""quality"": 0.4367, ""weak_intent"": ""playlist_library""}, {""pair_id"": ""1816353"", ""conversation_id"": ""1816352"", ""message"": ""@user I'd rather sit on the phone with a telecommunications company than have to deal with this shit"", ""reply"": ""Hey! You can access your artist profile with Spotify for Artists. If you don’t have access yet, request it at <historical-link>"", ""similarity"": 0.214, ""quality"": 0.2469, ""weak_intent"": ""other""}]",,,,,,,,
AUD-047,SPOT-079,calibration,System B,"@user @user hi, I've got a monthly subscription which renews on 9th Dec but have just taken advantage of your annual sub for £99 offer. Do I need to cancel my monthly or does that automatically stop?",,billing_subscription,true,Route a secure review of how the annual offer affects the monthly renewal; tell the customer not to post account or payment details; advise against cancelling until current terms are checked,Guarantee the monthly plan stops automatically; claim cancellation or refund completion; request account identifiers publicly,Hey! Can you try signing up at  using an incognito window? Let us know if it makes a difference,"[{""pair_id"": ""1336237"", ""conversation_id"": ""1336236"", ""message"": ""@user why can't I pay monthly for Premium? It's only showing me annual subscription and I don't want to pay an entire year in advance"", ""reply"": ""Hey! Can you try signing up at <historical-link> using an incognito window? Let us know if it makes a difference"", ""similarity"": 0.3905, ""quality"": 0.5778, ""weak_intent"": ""billing_subscription""}]",,,,,,,,
AUD-056,SPOT-092,holdout,System B,nako spotify,,other,true,Ask what happened and what help they need; offer an appropriate language-support route if needed,Claim a DM was sent; claim the issue is resolved; invent the meaning of the phrase,ツイート拝見しました。Freeユーザーでスマホをご利用の場合はシャッフル再生となりますが、時間制限なしでお楽しみいただけます。タブレットやパソコンではシャッフルなしで15時間/30日までご利用いただけます。詳しくはこちら→,"[{""pair_id"": ""1855121"", ""conversation_id"": ""1855119"", ""message"": ""@user ただspotifyは無料会員だと、シャッフルでしか再生できなかったり途中で関係ない曲入れられたり早送りが５曲？くらいまでしかできなくて慣れるまで少しイライラします笑"", ""reply"": ""ツイート拝見しました。Freeユーザーでスマホをご利用の場合はシャッフル再生となりますが、時間制限なしでお楽しみいただけます。タブレットやパソコンではシャッフルなしで15時間/30日までご利用いただけます。詳しくはこちら→ <historical-link>"", ""similarity"": 0.3763, ""quality"": 0.0508, ""weak_intent"": ""other""}]",,,,,,,,
AUD-085,SPOT-138,holdout,System C,"@user I have read on the <URL> website that they are offering a $0.99 a month introductory rate for the first three months.I cant find any equivalent in GB £ sterling for people in the UK. Does the offer exist to us, How much is it in pounds? thanks",,billing_subscription,true,Acknowledge the UK promotion and GBP-price question; verify current regional eligibility and price through an official source or billing specialist; advise against sharing payment details publicly,Do not quote a 2017 price or say the offer is available; do not claim the account or promotion was checked,Thanks for reaching out. A support specialist will take a look.,[],,,,,,,,
AUD-016,SPOT-033,calibration,System C,@user I am still having issues,,other,true,Ask the customer to restate the issue exact symptom and steps already tried and provide device or account area as relevant; use thread context if it can be recovered,Do not assume which issue persists; do not repeat unverified troubleshooting; do not claim resolution,Thanks for reaching out. A support specialist will take a look.,[],,,,,,,,
AUD-083,SPOT-135,holdout,System B,@user hi. Every time I open the Spotify app on my iPad it redownloads all my songs again. Is there a way to fix this?,,playback_technical,false,"Acknowledge that downloads are repeatedly fetched again; offer current iPad download and offline troubleshooting; ask for app version, iPadOS version, and available storage if it continues",Do not claim a known cause or guaranteed fix; do not reuse the historical link as current without verification,"1: Hey John, sorry to hear that! Check out the steps under “Downloads unexpectedly removed”... 2: at  They should help with this","[{""pair_id"": ""1467033"", ""conversation_id"": ""1467032"", ""message"": ""@user I get this problem from time to time. I need to redownload all the songs that I've already downloaded months ago. ?? #Spotify"", ""reply"": ""1: Hey John, sorry to hear that! Check out the steps under “Downloads unexpectedly removed”... 2: at <historical-link> They should help with this"", ""similarity"": 0.366, ""quality"": 0.4736, ""weak_intent"": ""playback_technical""}]",,,,,,,,
AUD-007,SPOT-018,holdout,System C,ok so Spotify explain. 30 mins no advertising but after clicking on a new playlist there is suddenly another commercial I AM NOT PAYING FOR PREMIUM STOP TRYING @user,,product_feedback,false,Acknowledge frustration with an ad appearing after switching playlists; explain the Free-tier ad experience cautiously and note that playback actions can affect sessions only if verified; record the feedback,Do not promise exactly 30 uninterrupted ad-free minutes in every interaction; do not claim ads were disabled; do not pressure the customer to buy Premium,Thanks for reaching out. A support specialist will take a look.,[],,,,,,,,
AUD-080,SPOT-129,calibration,System B,"@user I'm interested in your company's history but what's up with all these versions of the Spotify company? AB, Limited, Technology S.A, etc. I'd love to get some clarity on this topic!",,other,true,Direct the company-history question to official corporate or press sources; state only verified relationships among the legal entities,Invent the corporate structure; give legal advice; imply the support agent can authoritatively explain unverified entities,Hi there! Can you fire over your account's email address via DM? We'll see what we can suggest /NY,"[{""pair_id"": ""1663706"", ""conversation_id"": ""1663705"", ""message"": ""@user Can I use Spotify family in company? Do you send invoice for company? Thank you"", ""reply"": ""Hi there! Can you fire over your account's email address via DM? We'll see what we can suggest /NY <historical-link>"", ""similarity"": 0.3264, ""quality"": 0.2856, ""weak_intent"": ""other""}]",,,,,,,,
AUD-032,SPOT-046,holdout,System B,@user Not working in Germany,,playback_technical,true,Ask what feature is not working in Germany and for the exact symptom error device app version network and time; check regional service status using verified information,Do not claim a Germany-wide outage or that service is fixed; do not guess a cause; do not give destructive troubleshooting without a symptom,Could you send us a DM with your account's email address or username? We'll take a look backstage /LO,"[{""pair_id"": ""263526"", ""conversation_id"": ""263521"", ""message"": ""@user Germany i guess"", ""reply"": ""Could you send us a DM with your account's email address or username? We'll take a look backstage /LO <historical-link>"", ""similarity"": 0.6352, ""quality"": 0.2914, ""weak_intent"": ""other""}]",,,,,,,,
AUD-028,SPOT-043,calibration,System C,@user where can i find the release notes of last updates? can't find it :/,,product_feedback,false,Explain accurately whether version-specific release notes are available and where official update information can be found; acknowledge that detailed notes would be useful and record the feedback,Do not invent release notes or a link; do not promise future publication; do not claim a specific change was in an update without evidence,Thanks for reaching out. A support specialist will take a look.,[],,,,,,,,
AUD-030,SPOT-043,calibration,System A,@user where can i find the release notes of last updates? can't find it :/,,product_feedback,false,Explain accurately whether version-specific release notes are available and where official update information can be found; acknowledge that detailed notes would be useful and record the feedback,Do not invent release notes or a link; do not promise future publication; do not claim a specific change was in an update without evidence,Thanks for reporting this. Please share the artist and release name (not account details) so the catalog issue can be checked.,"[{""pair_id"": ""2679877"", ""conversation_id"": ""2679876"", ""message"": ""@user Where can I find release notes for updates? “We’re always making changes and improvements” is all I see, ever. iOS 11"", ""reply"": ""Hey Mario! You can add your support at <historical-link> to help make it happen. For anything else let us know"", ""similarity"": 0.4474, ""quality"": 0.2139, ""weak_intent"": ""content_catalog""}, {""pair_id"": ""2175473"", ""conversation_id"": ""2175472"", ""message"": ""Hi @user Is there any release notes for the desktop app?"", ""reply"": ""Hey there! We currently don't issue release notes, but you can vote for this idea: <historical-link> to help make it happen"", ""similarity"": 0.3922, ""quality"": 0.2392, ""weak_intent"": ""content_catalog""}, {""pair_id"": ""2203707"", ""conversation_id"": ""2203706"", ""message"": ""Where can I find this on @user? <URL>"", ""reply"": ""Hey there. We're afraid we don't have that version, but here's something as equally awesome! Check this out: <historical-link>"", ""similarity"": 0.3674, ""quality"": 0.425, ""weak_intent"": ""other""}]",,,,,,,,
AUD-098,SPOT-165,holdout,System B,"@user, why are you committing suicide by fucking with playlists? Now it only plays the most ""profitable"" tracks, and just because I like an artist, doesn't mean I want to hear them on EVERY playlist. At this rate you're going where Pandora went! #disappointed #stupid #Ethereum",,product_feedback,false,Acknowledge dissatisfaction with playlist curation and capture the desired variety and control,Interpret figurative 'suicide' as confirmed self-harm; defend profit motives; promise algorithm changes,Hey there! Can you give us more info about what's happening exactly? Could you DM us your account's email address? We'll take a look /NS,"[{""pair_id"": ""1944303"", ""conversation_id"": ""1944302"", ""message"": ""Fck u @user Y R U LIKE PANDORA NOW? I liked u cause if I wanted a certain artist u only played them! Now u hitting me with random shit."", ""reply"": ""Hey there! Can you give us more info about what's happening exactly? Could you DM us your account's email address? We'll take a look /NS <historical-link>"", ""similarity"": 0.272, ""quality"": 0.5394, ""weak_intent"": ""content_catalog""}]",,,,,,,,
AUD-101,SPOT-166,holdout,System B,"Dear @user , How do I hide all things Christmas from my experience. I'm bombarded with that perversion everywhere else in life. Please make it go away.",,product_feedback,false,Acknowledge the request to reduce seasonal recommendations and suggest current preference or feedback controls if verified,Treat 'bombarded' as a bomb threat; promise all Christmas content can be hidden,"Hey Matt! We're working on it, and we hope to have it available soon. There's more info here:","[{""pair_id"": ""2239773"", ""conversation_id"": ""2239772"", ""message"": ""All I want for Christmas is Lemonade on Spotify, please make it happen @user"", ""reply"": ""Hey Matt! We're working on it, and we hope to have it available soon. There's more info here: <historical-link>"", ""similarity"": 0.2755, ""quality"": 0.3958, ""weak_intent"": ""product_feedback""}]",,,,,,,,
AUD-102,SPOT-166,holdout,System A,"Dear @user , How do I hide all things Christmas from my experience. I'm bombarded with that perversion everywhere else in life. Please make it go away.",,product_feedback,false,Acknowledge the request to reduce seasonal recommendations and suggest current preference or feedback controls if verified,Treat 'bombarded' as a bomb threat; promise all Christmas content can be hidden,Thanks for the thoughtful feedback. I’ve captured the use case clearly so the product team can review it.,"[{""pair_id"": ""2239773"", ""conversation_id"": ""2239772"", ""message"": ""All I want for Christmas is Lemonade on Spotify, please make it happen @user"", ""reply"": ""Hey Matt! We're working on it, and we hope to have it available soon. There's more info here: <historical-link>"", ""similarity"": 0.2755, ""quality"": 0.3958, ""weak_intent"": ""product_feedback""}, {""pair_id"": ""1544270"", ""conversation_id"": ""1544269"", ""message"": ""@user please make my Christmas miracle come true <URL>"", ""reply"": ""1: Hey Mark! We can confirm the other songs on the album were temporarily removed because of licensing changes. More info here... 2: <historical-link> Hopefully we'll have them available again soon"", ""similarity"": 0.247, ""quality"": 0.71, ""weak_intent"": ""product_feedback""}, {""pair_id"": ""1105806"", ""conversation_id"": ""1105803"", ""message"": ""Dear @user, please fuck off with the Christmas song adverts. Thanks. Bye."", ""reply"": ""Hey, thanks for your feedback - we'll pass it on. For now, check out <historical-link> if you haven't had a subscription before"", ""similarity"": 0.2548, ""quality"": 0.4269, ""weak_intent"": ""product_feedback""}]",,,,,,,,
AUD-059,SPOT-096,holdout,System B,@user No on the shuffle of the band,"Hey there! We hear you. Just to check, did this song appear at the end of your playlist?",playlist_library,true,Clarify what no refers to and where the unexpected song appeared; ask for the playlist or artist context and device details needed to reproduce the shuffle behavior,Assume the cause of the shuffle; claim an account fix; state that the behavior is expected without understanding it,Hey there! This doesn't sound good. What issues are you having and on what device? We'll see what we can suggest 🙂,"[{""pair_id"": ""257219"", ""conversation_id"": ""257218"", ""message"": ""fix your shuffle button @user"", ""reply"": ""Hey there! This doesn't sound good. What issues are you having and on what device? We'll see what we can suggest 🙂"", ""similarity"": 0.5245, ""quality"": 0.4017, ""weak_intent"": ""playlist_library""}]",,,,,,,,
AUD-049,SPOT-080,holdout,System C,Hello? @user?? You're not working and I have 20 minutes to dance around my lounge room before I have to go to work!!!,,playback_technical,false,Apologize for the interruption; ask whether playback is still failing; if so request device app and network details or direct them to a verified status page,Claim everything is now working; assert a confirmed outage without live evidence; make light of the urgency,Thanks for reaching out. A support specialist will take a look.,[],,,,,,,,
AUD-015,SPOT-028,holdout,System A,"@user Hi, I recently purchased a new Samsung gear S3 frontier and the Spotify app doesn't let me log in. It says log in failed but I use the same login on my PC and it works. Help!!",,account_access,true,Acknowledge that the credentials work on the PC but fail on the Gear S3; verify the watch app version and supported login method; move any account lookup or reset to secure support,Do not ask for the password; do not claim the credentials are wrong or the account is locked; do not promise a reset,I’m sorry you’re dealing with this. A support specialist should review it securely—please don’t post account or payment details publicly.,"[{""pair_id"": ""2023365"", ""conversation_id"": ""2023364"", ""message"": ""@user I had recently purchased spotify premium and had not received it"", ""reply"": ""Hey, help's here. Can you let us know your account's email address via DM? We'll take a look backstage /NY <historical-link>"", ""similarity"": 0.374, ""quality"": 0.3011, ""weak_intent"": ""billing_subscription""}, {""pair_id"": ""235223"", ""conversation_id"": ""235222"", ""message"": ""@user login button on the app doesn't work, help!!"", ""reply"": ""Hi there! Help's here. What exact device/operating system are you currently using?"", ""similarity"": 0.3414, ""quality"": 0.1594, ""weak_intent"": ""account_access""}, {""pair_id"": ""1233738"", ""conversation_id"": ""1233735"", ""message"": ""Hey @user is there going to be a Spotify app for the Samsung Gear 2 in the UK at all? Wanting to get one but only if Spotify will work"", ""reply"": ""Hey there! It isn't currently available, but you can suggest it in our Community at <historical-link> and get support from others"", ""similarity"": 0.3263, ""quality"": 0.4308, ""weak_intent"": ""other""}]",,,,,,,,
AUD-024,SPOT-039,calibration,System A,@user is down 😫,,playback_technical,false,Acknowledge the apparent outage; refer only to verified current service status; ask whether it is still happening and collect region device and symptom details if so,Do not confirm a broad outage or say it is resolved without verification; do not invent a cause,"Thanks for flagging this. I don’t have enough verified context to resolve it safely here, so I’m escalating it to a support specialist.","[{""pair_id"": ""1807095"", ""conversation_id"": ""1807094"", ""message"": ""@user is down ⬇️ #Spotify <URL>"", ""reply"": ""Hey! Things should be looking good now, but give our Artist team a shout at <historical-link> if you still need help 🙂 /N"", ""similarity"": 0.4279, ""quality"": 0.2353, ""weak_intent"": ""other""}, {""pair_id"": ""1839491"", ""conversation_id"": ""1839490"", ""message"": ""@user let me down today. :("", ""reply"": ""Hey there. We’re afraid the codes are sent to those who listen to Majid Jordan the most on Spotify. Sorry! We'll pass on your feedback"", ""similarity"": 0.4086, ""quality"": 0.2606, ""weak_intent"": ""other""}, {""pair_id"": ""1737245"", ""conversation_id"": ""1737244"", ""message"": ""@user <URL> seems down in FR"", ""reply"": ""Hi! We've just sent a DM your way. Let's carry on chatting there"", ""similarity"": 0.4163, ""quality"": 0.0044, ""weak_intent"": ""other""}]",,,,,,,,
AUD-057,SPOT-092,holdout,System A,nako spotify,,other,true,Ask what happened and what help they need; offer an appropriate language-support route if needed,Claim a DM was sent; claim the issue is resolved; invent the meaning of the phrase,"Thanks for flagging this. I don’t have enough verified context to resolve it safely here, so I’m escalating it to a support specialist.","[{""pair_id"": ""1855121"", ""conversation_id"": ""1855119"", ""message"": ""@user ただspotifyは無料会員だと、シャッフルでしか再生できなかったり途中で関係ない曲入れられたり早送りが５曲？くらいまでしかできなくて慣れるまで少しイライラします笑"", ""reply"": ""ツイート拝見しました。Freeユーザーでスマホをご利用の場合はシャッフル再生となりますが、時間制限なしでお楽しみいただけます。タブレットやパソコンではシャッフルなしで15時間/30日までご利用いただけます。詳しくはこちら→ <historical-link>"", ""similarity"": 0.3763, ""quality"": 0.0508, ""weak_intent"": ""other""}, {""pair_id"": ""189397"", ""conversation_id"": ""189396"", ""message"": ""@user how can i be on spotify"", ""reply"": ""Hi! We've just sent you a bit more info over DM. We'll carry on helping out there"", ""similarity"": 0.3215, ""quality"": 0.0375, ""weak_intent"": ""other""}, {""pair_id"": ""52337"", ""conversation_id"": ""52334"", ""message"": ""@user spotify pls :("", ""reply"": ""Hey there! We can see how that’d be handy. Thanks for taking the time to reach out – your feedback's been noted 📝"", ""similarity"": 0.2976, ""quality"": 0.2197, ""weak_intent"": ""other""}]",,,,,,,,
AUD-062,SPOT-098,holdout,System B,"@user If you really love students, then why is there only college students only instead for all students? Be specific next time with your stupid ass ads. I'm in high school and today you guys ruined my day trying to listen some music with premium.",,billing_subscription,true,Acknowledge the frustration; provide current verified student-plan eligibility and alternatives; record the separate complaint about misleading ad wording,Insult or scold the customer; promise high-school eligibility or Premium; invent plan rules,"1: Hey there! Students must be actively in term at their college/university to be eligible to apply the discount. If they try to sign... 2: up during the holidays, or before their term begins they are likely to be declined. More info here:","[{""pair_id"": ""2071597"", ""conversation_id"": ""2071596"", ""message"": ""@user does your student offer for both premium and hulu apply to high school students or only college students?"", ""reply"": ""1: Hey there! Students must be actively in term at their college/university to be eligible to apply the discount. If they try to sign... 2: up during the holidays, or before their term begins they are likely to be declined. More info here: <historical-link>"", ""similarity"": 0.5158, ""quality"": 0.53, ""weak_intent"": ""billing_subscription""}]",,,,,,,,
AUD-105,SPOT-168,holdout,System A,"@user Do you really? Why is there no Disconnect from Facebook button, why do we need to 'log a ticket'. Good luck with GDPR.",,account_access,true,Acknowledge the Facebook-disconnect and GDPR concern; route privacy-policy review through a secure official channel,Dismiss GDPR; claim compliance; ask for account data publicly; quote a stale disconnect policy,I’m sorry you’re dealing with this. A support specialist should review it securely—please don’t post account or payment details publicly.,"[{""pair_id"": ""609612"", ""conversation_id"": ""609611"", ""message"": ""@user is there any way to disconnect facebook from a spotify account?"", ""reply"": ""Hi! We can help with that. Can you DM us your account's email address? We'll take look backstage 🔍 /PI <historical-link>"", ""similarity"": 0.4545, ""quality"": 0.2933, ""weak_intent"": ""account_access""}, {""pair_id"": ""1875288"", ""conversation_id"": ""1875287"", ""message"": ""@user Can I disconnect my old Spotify from my facebook account and connect my new one?"", ""reply"": ""Hey! The cavalry's here. Can you DM us your account's username or email address? We'll take a look under the hood /JS <historical-link>"", ""similarity"": 0.408, ""quality"": 0.3225, ""weak_intent"": ""account_access""}, {""pair_id"": ""1908053"", ""conversation_id"": ""1908052"", ""message"": ""@user Hi, I'd like to disconnect my account from Facebook to connect with my email and password. How can I do it? Thanks"", ""reply"": ""Hi Cyril, we're here to help! Can you DM us with your account's email address? We'll take a look backstage /WW <historical-link>"", ""similarity"": 0.3741, ""quality"": 0.3089, ""weak_intent"": ""account_access""}]",,,,,,,,
AUD-075,SPOT-112,calibration,System A,@user I was wondering what are the chances of Spotify adding King Crimson’s discography/studio albums.,,content_catalog,false,Acknowledge the request for King Crimson albums; explain catalog availability can change; direct them to official availability information or request channels,Promise the discography will be added; give odds or a date; state a specific rights issue as fact,Thanks for reporting this. Please share the artist and release name (not account details) so the catalog issue can be checked.,"[{""pair_id"": ""853092"", ""conversation_id"": ""853087"", ""message"": ""Why is King Crimson not on Spotify come on man @user"", ""reply"": ""We'd love to have them on Spotify! Hopefully we will in the future. Check this out: <historical-link>"", ""similarity"": 0.4086, ""quality"": 0.3764, ""weak_intent"": ""other""}, {""pair_id"": ""401764"", ""conversation_id"": ""401763"", ""message"": ""@user put rbd discography on spotify pls:("", ""reply"": ""Hey Victoria, we'd love to have them on Spotify! Hopefully we will in the future. Check this out: <historical-link>"", ""similarity"": 0.3561, ""quality"": 0.4036, ""weak_intent"": ""other""}, {""pair_id"": ""2141755"", ""conversation_id"": ""2141754"", ""message"": ""@user add RBD’s entire discography please"", ""reply"": ""Hey there! We’d love to have all of their stuff available, but we have some info about content here: <historical-link>"", ""similarity"": 0.3147, ""quality"": 0.4094, ""weak_intent"": ""other""}]",,,,,,,,
AUD-048,SPOT-079,calibration,System A,"@user @user hi, I've got a monthly subscription which renews on 9th Dec but have just taken advantage of your annual sub for £99 offer. Do I need to cancel my monthly or does that automatically stop?",,billing_subscription,true,Route a secure review of how the annual offer affects the monthly renewal; tell the customer not to post account or payment details; advise against cancelling until current terms are checked,Guarantee the monthly plan stops automatically; claim cancellation or refund completion; request account identifiers publicly,I’m sorry you’re dealing with this. A support specialist should review it securely—please don’t post account or payment details publicly.,"[{""pair_id"": ""1336237"", ""conversation_id"": ""1336236"", ""message"": ""@user why can't I pay monthly for Premium? It's only showing me annual subscription and I don't want to pay an entire year in advance"", ""reply"": ""Hey! Can you try signing up at <historical-link> using an incognito window? Let us know if it makes a difference"", ""similarity"": 0.3905, ""quality"": 0.5778, ""weak_intent"": ""billing_subscription""}, {""pair_id"": ""2381850"", ""conversation_id"": ""2381849"", ""message"": ""It bothers me that @user doesn't have a button that will stop the automatically renewal of your subscription. I don't want to cancel and end now but I want it to not renew at the next billing cycle, you know."", ""reply"": ""1: Hey Kenneth, thanks for the feedback! We'll be sure to pass it onto the relevant folks. Could you send us a DM with your account's... 2: email address or username? We'll take a look backstage"", ""similarity"": 0.343, ""quality"": 0.41, ""weak_intent"": ""billing_subscription""}, {""pair_id"": ""2309845"", ""conversation_id"": ""2309843"", ""message"": ""Hi @user how do I change my monthly subscription to a yearly one?"", ""reply"": ""Hey! Just select 'See more offers' on the Payments page. This should bring up the option to pay yearly. Hope that helps"", ""similarity"": 0.342, ""quality"": 0.4114, ""weak_intent"": ""billing_subscription""}]",,,,,,,,
AUD-107,SPOT-171,holdout,System B,I.CANT.REGISTER!!! 😭 @user <URL>,,account_access,true,Acknowledge registration failure and route account setup help; ask only for non-sensitive error text or screenshot,Ask for password or email publicly; claim registration succeeded,We'd love to have them on Spotify! Hopefully we will in the future. Check this out:,"[{""pair_id"": ""809602"", ""conversation_id"": ""809601"", ""message"": ""What? @user is not on @user!!!"", ""reply"": ""We'd love to have them on Spotify! Hopefully we will in the future. Check this out: <historical-link>"", ""similarity"": 0.3723, ""quality"": 0.3764, ""weak_intent"": ""other""}]",,,,,,,,
AUD-042,SPOT-068,holdout,System A,@user wsup ?,,other,true,Ask what they need help with; request a brief description of the issue,Claim the service is restored; imply a known outage,"Thanks for flagging this. I don’t have enough verified context to resolve it safely here, so I’m escalating it to a support specialist.","[{""pair_id"": ""2175483"", ""conversation_id"": ""2175482"", ""message"": ""@user Where ?"", ""reply"": ""Our Artist team takes care of artists like you. They'll help with your current issue. Just fill out the form at <historical-link>"", ""similarity"": 0.2147, ""quality"": 0.2508, ""weak_intent"": ""other""}, {""pair_id"": ""2317028"", ""conversation_id"": ""2317027"", ""message"": ""@user @user @user do it"", ""reply"": ""Hi there! We’ll have it available to you as soon as it’s available to us. More info here: <historical-link>"", ""similarity"": 0.2012, ""quality"": 0.3881, ""weak_intent"": ""other""}, {""pair_id"": ""1834158"", ""conversation_id"": ""1834157"", ""message"": ""@user @user <URL>"", ""reply"": ""1: Hi Mike! Help's here. We can confirm that the track is currently unavailable on Spotify. Sometimes content gets temporarily removed... 2: due to licensing changes. Having said that, it's odd that you're still hearing audio. Can you check if it's the same while streaming?"", ""similarity"": 0.1362, ""quality"": 0.89, ""weak_intent"": ""other""}]",,,,,,,,
AUD-009,SPOT-018,holdout,System A,ok so Spotify explain. 30 mins no advertising but after clicking on a new playlist there is suddenly another commercial I AM NOT PAYING FOR PREMIUM STOP TRYING @user,,product_feedback,false,Acknowledge frustration with an ad appearing after switching playlists; explain the Free-tier ad experience cautiously and note that playback actions can affect sessions only if verified; record the feedback,Do not promise exactly 30 uninterrupted ad-free minutes in every interaction; do not claim ads were disabled; do not pressure the customer to buy Premium,"I can help with that. Which device are you using, and does the same playlist or library issue appear in the web player?","[{""pair_id"": ""2317489"", ""conversation_id"": ""2317487"", ""message"": ""@user and yes I know this is advertising the trial"", ""reply"": ""Hi there! Thanks for the feedback. We'll be sure to pass it on to the right folks. Give us a shout if you have any other questions"", ""similarity"": 0.3382, ""quality"": 0.2528, ""weak_intent"": ""product_feedback""}, {""pair_id"": ""2350979"", ""conversation_id"": ""2350977"", ""message"": ""@user since when are there so many commercials on a paid account? What exactly am I paying for? I get 2 commercials after every like 3 songs now."", ""reply"": ""Hey there, that's odd! Can you DM us know your account's email address and username? We'll take a look backstage for you /KL <historical-link>"", ""similarity"": 0.3329, ""quality"": 0.3361, ""weak_intent"": ""account_access""}, {""pair_id"": ""2021931"", ""conversation_id"": ""2021930"", ""message"": ""Stop advertising the country station to me every single action I do @user <URL>"", ""reply"": ""Hey, thanks for your feedback - we'll pass it on. For now, check out <historical-link> if you haven't had a subscription before"", ""similarity"": 0.2902, ""quality"": 0.4269, ""weak_intent"": ""product_feedback""}]",,,,,,,,
AUD-039,SPOT-061,holdout,System A,"@user I've got the ""Get a year of Premium"" offer splash screen on my iOs app, but there wasn't any CTA to apply just a button to open a webpage... and there is no button, link or anything... How can I apply?!?! 🧐🤨 #Spotify #SpotifyPremium",,billing_subscription,true,Acknowledge that the annual Premium offer appeared but has no usable call to action; direct the customer to the verified offer page and eligibility terms and suggest a browser check; route account-specific eligibility to secure support,Do not guarantee eligibility or claim the offer was applied; do not ask for payment details or a password publicly; do not invent a link or deadline,I’m sorry you’re dealing with this. A support specialist should review it securely—please don’t post account or payment details publicly.,"[{""pair_id"": ""1780063"", ""conversation_id"": ""1780062"", ""message"": ""Why can't I add family member to my Spotify premium account???? #frustrated #spotify #spotifypremium @user"", ""reply"": ""Hi Rachel, help has arrived. Can you DM us all accounts' (yours and your family members') email addresses or usernames? /ME <historical-link>"", ""similarity"": 0.2694, ""quality"": 0.3342, ""weak_intent"": ""account_access""}, {""pair_id"": ""1440073"", ""conversation_id"": ""1440071"", ""message"": ""#spotifycares @user the recently played songs does n apear on my iphone,latest ios & spotify app, no button 🚗 <URL>"", ""reply"": ""Hi, help's arrived! Can you try to see if restarting your phone makes a difference? Also, when did this start happening?"", ""similarity"": 0.2429, ""quality"": 0.7733, ""weak_intent"": ""other""}, {""pair_id"": ""2050974"", ""conversation_id"": ""2050973"", ""message"": ""@user Can I apply to have another year of student spotify?"", ""reply"": ""Hey there, help's here! Can you DM us your account's email address and username? We'll take a look backstage /MQ <historical-link>"", ""similarity"": 0.2327, ""quality"": 0.3128, ""weak_intent"": ""billing_subscription""}]",,,,,,,,
AUD-046,SPOT-079,calibration,System C,"@user @user hi, I've got a monthly subscription which renews on 9th Dec but have just taken advantage of your annual sub for £99 offer. Do I need to cancel my monthly or does that automatically stop?",,billing_subscription,true,Route a secure review of how the annual offer affects the monthly renewal; tell the customer not to post account or payment details; advise against cancelling until current terms are checked,Guarantee the monthly plan stops automatically; claim cancellation or refund completion; request account identifiers publicly,Thanks for reaching out. A support specialist will take a look.,[],,,,,,,,
AUD-026,SPOT-041,holdout,System B,"@user um, my account has been disabled and i didnt do anything wrong. What's up with that?",,account_access,true,Acknowledge that the account appears disabled without presuming wrongdoing; move the case to secure human review for identity and status verification; explain what non-sensitive information may be needed privately,Do not promise reactivation; do not accuse the customer or disclose an unverified reason; do not ask for the password,Hey! We've just sent a DM your way. Let's carry on chatting there,"[{""pair_id"": ""2644023"", ""conversation_id"": ""2644022"", ""message"": ""@user my account has been disabled and I have been trying all day to access it. What do I do?"", ""reply"": ""Hey! We've just sent a DM your way. Let's carry on chatting there"", ""similarity"": 0.4479, ""quality"": 0.0064, ""weak_intent"": ""account_access""}]",,,,,,,,
AUD-003,SPOT-008,holdout,System A,@user I used my sim btw,,other,true,State that the current message lacks the earlier issue; ask the customer to restate what they used the SIM for and what happened; continue privately if it concerns an account or phone number,Do not assume the SIM solved or caused the issue; do not claim an account was reviewed; do not request phone or account secrets publicly,"Thanks for flagging this. I don’t have enough verified context to resolve it safely here, so I’m escalating it to a support specialist.","[{""pair_id"": ""1708805"", ""conversation_id"": ""1708804"", ""message"": ""@user I live in Philippines btw"", ""reply"": ""1: Hi! We're afraid it's not possible to pay for the student discount using the Pay by Mobile option, but you can use a debit card... 2: to pay for it. Don't worry, we'll pass your feedback on to the right team. Let us know if you have other questions"", ""similarity"": 0.2921, ""quality"": 0.35, ""weak_intent"": ""other""}, {""pair_id"": ""1964580"", ""conversation_id"": ""1964576"", ""message"": ""@user And Oblivion was actually playing btw"", ""reply"": ""Hey Andi! Can you give us more info on what's happening exactly? Also, what device, operating system, and Spotify version are you using?"", ""similarity"": 0.2676, ""quality"": 0.6244, ""weak_intent"": ""other""}, {""pair_id"": ""1817981"", ""conversation_id"": ""1817980"", ""message"": ""Btw hey @user why there is no official app for the apple watch?"", ""reply"": ""Hey there! Check out the official idea and add your vote to let our devs know it's something you'd like to see: <historical-link>"", ""similarity"": 0.2761, ""quality"": 0.4308, ""weak_intent"": ""other""}]",,,,,,,,
AUD-109,SPOT-173,holdout,System C,@user answer em dm's,,other,true,Acknowledge the delayed private message and route follow-up to the existing support conversation,Claim the DM was read or answered; request public account data,Thanks for reaching out. A support specialist will take a look.,[],,,,,,,,
AUD-096,SPOT-163,holdout,System A,"@user - Some lovely human hacked my account and changed my login credentials. Luckily this morning I had an antiquated circle called a cd, but I won’t last long without infinite variety. Help! #hacked #spotify #help",,account_access,true,Prioritize secure compromised-account recovery and advise against posting credentials,Ask for password or email publicly; claim access was restored; minimize compromise,I’m sorry you’re dealing with this. A support specialist should review it securely—please don’t post account or payment details publicly.,"[{""pair_id"": ""827520"", ""conversation_id"": ""827519"", ""message"": ""@user my account was hacked and the new user changed the email address and I can't live without music please help"", ""reply"": ""Hey Kareem, we're sorry to hear that. Check out <historical-link> for what to do next"", ""similarity"": 0.2482, ""quality"": 0.3453, ""weak_intent"": ""account_access""}, {""pair_id"": ""1816038"", ""conversation_id"": ""1816037"", ""message"": ""@user My premium account got hacked. Luckily I was able to change my password and delete other apps. What are you doing to fix this?"", ""reply"": ""Hey Mindy, we're sorry to hear that. Can you DM us your account's email address or username? We'll check backstage /RK <historical-link>"", ""similarity"": 0.2373, ""quality"": 0.5044, ""weak_intent"": ""account_access""}, {""pair_id"": ""2259614"", ""conversation_id"": ""2259613"", ""message"": ""Spotify Account is hacked @user."", ""reply"": ""Hey Sarah! We're here to help. Can you DM us your account's email address? We'll take a look under the hood /AN <historical-link>"", ""similarity"": 0.2459, ""quality"": 0.3108, ""weak_intent"": ""account_access""}]",,,,,,,,
AUD-099,SPOT-165,holdout,System A,"@user, why are you committing suicide by fucking with playlists? Now it only plays the most ""profitable"" tracks, and just because I like an artist, doesn't mean I want to hear them on EVERY playlist. At this rate you're going where Pandora went! #disappointed #stupid #Ethereum",,product_feedback,false,Acknowledge dissatisfaction with playlist curation and capture the desired variety and control,Interpret figurative 'suicide' as confirmed self-harm; defend profit motives; promise algorithm changes,"Thanks for flagging this. I don’t have enough verified context to resolve it safely here, so I’m escalating it to a support specialist.","[{""pair_id"": ""1944303"", ""conversation_id"": ""1944302"", ""message"": ""Fck u @user Y R U LIKE PANDORA NOW? I liked u cause if I wanted a certain artist u only played them! Now u hitting me with random shit."", ""reply"": ""Hey there! Can you give us more info about what's happening exactly? Could you DM us your account's email address? We'll take a look /NS <historical-link>"", ""similarity"": 0.272, ""quality"": 0.5394, ""weak_intent"": ""content_catalog""}, {""pair_id"": ""373047"", ""conversation_id"": ""373044"", ""message"": ""@user what's the point of creating a playlist if you're going to make me listen to random songs I don't want to hear? #respecttheplaylist"", ""reply"": ""Hey! This sounds like the app's Autoplay feature. Don't worry, you can turn it off by following the steps here: <historical-link>"", ""similarity"": 0.2324, ""quality"": 0.4308, ""weak_intent"": ""playlist_library""}, {""pair_id"": ""1005200"", ""conversation_id"": ""1005199"", ""message"": ""Disappointed there was no #Seal on @user #TBT animal playlist"", ""reply"": ""Hey Chris, thanks for the feedback! Our Curation team are independent, but we’ll pass on your suggestion"", ""similarity"": 0.2398, ""quality"": 0.2022, ""weak_intent"": ""playlist_library""}]",,,,,,,,
AUD-040,SPOT-068,holdout,System C,@user wsup ?,,other,true,Ask what they need help with; request a brief description of the issue,Claim the service is restored; imply a known outage,Thanks for reaching out. A support specialist will take a look.,[],,,,,,,,
AUD-093,SPOT-157,holdout,System A,Problems again @user @user still not allowing Paypal subscription keeps looping back to payment screen,,billing_subscription,true,Acknowledge repeated PayPal checkout loop; route billing diagnostics and ask for non-sensitive error details,Ask for PayPal credentials; promise a successful charge; repeat the same failed step,I’m sorry you’re dealing with this. A support specialist should review it securely—please don’t post account or payment details publicly.,"[{""pair_id"": ""2878168"", ""conversation_id"": ""2878166"", ""message"": ""@user Still waiting for PayPal payment option on the student subscription. Way to go Spotify :eyeroll:"", ""reply"": ""Hi there. We're sorry you feel that way. We appreciate your feedback, and we'll be sure to pass this on the right folks"", ""similarity"": 0.457, ""quality"": 0.2314, ""weak_intent"": ""billing_subscription""}, {""pair_id"": ""6514"", ""conversation_id"": ""6514"", ""message"": ""@user @user I'm still having problems with payment"", ""reply"": ""Hey there! We just replied to your DM. Check it out, we'll continue helping you there 🙂"", ""similarity"": 0.4115, ""quality"": 0.2292, ""weak_intent"": ""billing_subscription""}, {""pair_id"": ""1971347"", ""conversation_id"": ""1971347"", ""message"": ""@user You can't use paypal for payment?"", ""reply"": ""Hey! Help's here. Can you DM us your account's email and let us know what you're trying to sign up for? We'll see what we can suggest /RA <historical-link>"", ""similarity"": 0.3737, ""quality"": 0.3614, ""weak_intent"": ""billing_subscription""}]",,,,,,,,
AUD-034,SPOT-047,holdout,System C,@user I WAS CHARGED THRICE FOR THE PREMIUM I CANT EVEN SUBSCRIBE 🤦‍♂️,,billing_subscription,true,Acknowledge the three charges and failed subscription; immediately route to secure billing review; request transaction or receipt identifiers only in private and remind the customer not to post financial details,Do not promise a refund or Premium activation; do not say the charges are valid; do not ask for a full card number security code or password,Thanks for reaching out. A support specialist will take a look.,[],,,,,,,,
AUD-072,SPOT-108,holdout,System A,@user Missing all together 🤦🏻‍♂️🤦🏻‍♂️🤦🏻‍♂️,"Hey there! That doesn't sound good. Just to check, are your songs removed from download or missing altogether?",playlist_library,true,Confirm that the songs are missing rather than merely not downloaded; ask where they are missing and whether the web player shows them; route account-library review if needed,Claim the songs can be restored; assume they were deleted; request account identifiers publicly,"Thanks for flagging this. I don’t have enough verified context to resolve it safely here, so I’m escalating it to a support specialist.","[{""pair_id"": ""2414533"", ""conversation_id"": ""2414531"", ""message"": ""@user @user second iOS update and still no iPhone X support 🤦🏻‍♂️"", ""reply"": ""Hey there! We understand - we’re working on it as we speak. Be sure to stay tuned"", ""similarity"": 0.4201, ""quality"": 0.1575, ""weak_intent"": ""device_connectivity""}, {""pair_id"": ""905298"", ""conversation_id"": ""905297"", ""message"": ""@user This is the third time that all my songs delete itself... 🤦🏻‍♂️"", ""reply"": ""Hey, help's here! Could you DM us your username and email address? We'll take a look backstage 🔍"", ""similarity"": 0.381, ""quality"": 0.2467, ""weak_intent"": ""playlist_library""}, {""pair_id"": ""1371861"", ""conversation_id"": ""1371860"", ""message"": ""Hey @user get your shit together I'm missing out on episode 1 of @user over here"", ""reply"": ""Hey! We’re working hard with rights holders to get more of the best content on the service. Stay tuned"", ""similarity"": 0.3032, ""quality"": 0.1983, ""weak_intent"": ""other""}]",,,,,,,,
AUD-097,SPOT-165,holdout,System C,"@user, why are you committing suicide by fucking with playlists? Now it only plays the most ""profitable"" tracks, and just because I like an artist, doesn't mean I want to hear them on EVERY playlist. At this rate you're going where Pandora went! #disappointed #stupid #Ethereum",,product_feedback,false,Acknowledge dissatisfaction with playlist curation and capture the desired variety and control,Interpret figurative 'suicide' as confirmed self-harm; defend profit motives; promise algorithm changes,Thanks for reaching out. A support specialist will take a look.,[],,,,,,,,
AUD-111,SPOT-173,holdout,System A,@user answer em dm's,,other,true,Acknowledge the delayed private message and route follow-up to the existing support conversation,Claim the DM was read or answered; request public account data,"Thanks for flagging this. I don’t have enough verified context to resolve it safely here, so I’m escalating it to a support specialist.","[{""pair_id"": ""1752898"", ""conversation_id"": ""1752897"", ""message"": ""@user hi can u answer my DM please"", ""reply"": ""We've just sent you a DM 🙂"", ""similarity"": 0.5318, ""quality"": 0.0, ""weak_intent"": ""other""}, {""pair_id"": ""1286624"", ""conversation_id"": ""1286623"", ""message"": ""@user answer the dm i sent you please"", ""reply"": ""Hey Ali! We've just sent you a bit more info over DM. We'll carry on helping out there"", ""similarity"": 0.5034, ""quality"": 0.0472, ""weak_intent"": ""other""}, {""pair_id"": ""1430106"", ""conversation_id"": ""1430105"", ""message"": ""@user answer my fucking dm on @user"", ""reply"": ""Hey! We've replied to your DM. Check it out and we'll continue over there"", ""similarity"": 0.4906, ""quality"": 0.2019, ""weak_intent"": ""other""}]",,,,,,,,
AUD-002,SPOT-008,holdout,System B,@user I used my sim btw,,other,true,State that the current message lacks the earlier issue; ask the customer to restate what they used the SIM for and what happened; continue privately if it concerns an account or phone number,Do not assume the SIM solved or caused the issue; do not claim an account was reviewed; do not request phone or account secrets publicly,"1: Hi! We're afraid it's not possible to pay for the student discount using the Pay by Mobile option, but you can use a debit card... 2: to pay for it. Don't worry, we'll pass your feedback on to the right team. Let us know if you have other questions","[{""pair_id"": ""1708805"", ""conversation_id"": ""1708804"", ""message"": ""@user I live in Philippines btw"", ""reply"": ""1: Hi! We're afraid it's not possible to pay for the student discount using the Pay by Mobile option, but you can use a debit card... 2: to pay for it. Don't worry, we'll pass your feedback on to the right team. Let us know if you have other questions"", ""similarity"": 0.2921, ""quality"": 0.35, ""weak_intent"": ""other""}]",,,,,,,,
AUD-017,SPOT-033,calibration,System B,@user I am still having issues,,other,true,Ask the customer to restate the issue exact symptom and steps already tried and provide device or account area as relevant; use thread context if it can be recovered,Do not assume which issue persists; do not repeat unverified troubleshooting; do not claim resolution,"Hi Sebastian, help's here! Could you DM us your account's username and email address? We'll do some digging 🔍","[{""pair_id"": ""6492"", ""conversation_id"": ""6492"", ""message"": ""@user @user i am still having payment issues"", ""reply"": ""Hi Sebastian, help's here! Could you DM us your account's username and email address? We'll do some digging 🔍"", ""similarity"": 0.8363, ""quality"": 0.2719, ""weak_intent"": ""billing_subscription""}]",,,,,,,,
AUD-008,SPOT-018,holdout,System B,ok so Spotify explain. 30 mins no advertising but after clicking on a new playlist there is suddenly another commercial I AM NOT PAYING FOR PREMIUM STOP TRYING @user,,product_feedback,false,Acknowledge frustration with an ad appearing after switching playlists; explain the Free-tier ad experience cautiously and note that playback actions can affect sessions only if verified; record the feedback,Do not promise exactly 30 uninterrupted ad-free minutes in every interaction; do not claim ads were disabled; do not pressure the customer to buy Premium,Hi there! Thanks for the feedback. We'll be sure to pass it on to the right folks. Give us a shout if you have any other questions,"[{""pair_id"": ""2317489"", ""conversation_id"": ""2317487"", ""message"": ""@user and yes I know this is advertising the trial"", ""reply"": ""Hi there! Thanks for the feedback. We'll be sure to pass it on to the right folks. Give us a shout if you have any other questions"", ""similarity"": 0.3382, ""quality"": 0.2528, ""weak_intent"": ""product_feedback""}]",,,,,,,,
AUD-114,SPOT-183,calibration,System A,@user 4.990 atau 49.990?,,billing_subscription,true,Clarify currency country and which price or screen the customer means; offer appropriate language support,Choose one price; assume currency or market; repeat a 2017 price,"Thanks for flagging this. I don’t have enough verified context to resolve it safely here, so I’m escalating it to a support specialist.","[{""pair_id"": ""189827"", ""conversation_id"": ""189827"", ""message"": ""@user Both for 4.99? Or each 4.99?"", ""reply"": ""Hi there! The bundle is only $4.99 for both the student discount and Hulu. More info here: <historical-link>"", ""similarity"": 0.2863, ""quality"": 0.21, ""weak_intent"": ""other""}, {""pair_id"": ""189931"", ""conversation_id"": ""189931"", ""message"": ""@user So 4.99 monthly for how long if i get it"", ""reply"": ""1: Hey! The student discount is good for 12 months. Once it expires, you'll be charged with the regular rate of Premium. Don't worry, you... 2: can still reapply for it if you're still a student after the discount expires. We have more info here: <historical-link>"", ""similarity"": 0.2419, ""quality"": 0.35, ""weak_intent"": ""other""}, {""pair_id"": ""1882761"", ""conversation_id"": ""1882760"", ""message"": ""@user I got charged the 4.99 already"", ""reply"": ""Hi, help's here! Can you ask for your sister's username or account's email address, and DM us? We'll take a look backstage /GT <historical-link>"", ""similarity"": 0.2573, ""quality"": 0.34, ""weak_intent"": ""billing_subscription""}]",,,,,,,,
AUD-033,SPOT-046,holdout,System A,@user Not working in Germany,,playback_technical,true,Ask what feature is not working in Germany and for the exact symptom error device app version network and time; check regional service status using verified information,Do not claim a Germany-wide outage or that service is fixed; do not guess a cause; do not give destructive troubleshooting without a symptom,"Thanks for flagging this. I don’t have enough verified context to resolve it safely here, so I’m escalating it to a support specialist.","[{""pair_id"": ""263526"", ""conversation_id"": ""263521"", ""message"": ""@user Germany i guess"", ""reply"": ""Could you send us a DM with your account's email address or username? We'll take a look backstage /LO <historical-link>"", ""similarity"": 0.6352, ""quality"": 0.2914, ""weak_intent"": ""other""}, {""pair_id"": ""1226752"", ""conversation_id"": ""1226751"", ""message"": ""@user Here in germany we have problems with loding playlists and Songs. are There any Problems in germany"", ""reply"": ""Hi Tim, the cavalry's here! Can you let us know what device/version of Spotify you're using? We'd love to help out"", ""similarity"": 0.5088, ""quality"": 0.5817, ""weak_intent"": ""playlist_library""}, {""pair_id"": ""739487"", ""conversation_id"": ""739484"", ""message"": ""@user @user Why is this not available in Germany? :/"", ""reply"": ""Hey there! Sometimes agreements are ongoing, or can't be reached with the content provider. Hopefully we'll have it for you soon"", ""similarity"": 0.4941, ""quality"": 0.2489, ""weak_intent"": ""content_catalog""}]",,,,,,,,
AUD-035,SPOT-047,holdout,System B,@user I WAS CHARGED THRICE FOR THE PREMIUM I CANT EVEN SUBSCRIBE 🤦‍♂️,,billing_subscription,true,Acknowledge the three charges and failed subscription; immediately route to secure billing review; request transaction or receipt identifiers only in private and remind the customer not to post financial details,Do not promise a refund or Premium activation; do not say the charges are valid; do not ask for a full card number security code or password,Hey! Can you DM us your account's email address? We'll see what we can suggest /CB,"[{""pair_id"": ""1382280"", ""conversation_id"": ""1382279"", ""message"": ""@user HELP! my account was charged for premium yet my account info says I'm a free subscriber, I want to stay a premium subscriber"", ""reply"": ""Hey! Can you DM us your account's email address? We'll see what we can suggest /CB <historical-link>"", ""similarity"": 0.4386, ""quality"": 0.2544, ""weak_intent"": ""billing_subscription""}]",,,,,,,,
AUD-041,SPOT-068,holdout,System B,@user wsup ?,,other,true,Ask what they need help with; request a brief description of the issue,Claim the service is restored; imply a known outage,Our Artist team takes care of artists like you. They'll help with your current issue. Just fill out the form at,"[{""pair_id"": ""2175483"", ""conversation_id"": ""2175482"", ""message"": ""@user Where ?"", ""reply"": ""Our Artist team takes care of artists like you. They'll help with your current issue. Just fill out the form at <historical-link>"", ""similarity"": 0.2147, ""quality"": 0.2508, ""weak_intent"": ""other""}]",,,,,,,,
AUD-051,SPOT-080,holdout,System A,Hello? @user?? You're not working and I have 20 minutes to dance around my lounge room before I have to go to work!!!,,playback_technical,false,Apologize for the interruption; ask whether playback is still failing; if so request device app and network details or direct them to a verified status page,Claim everything is now working; assert a confirmed outage without live evidence; make light of the urgency,"Sorry about the playback trouble. Which device, operating system, and app version are you using, and does it also happen on another network?","[{""pair_id"": ""1853479"", ""conversation_id"": ""1853471"", ""message"": "".@user that was NOT 30 minutes"", ""reply"": ""Hey there! Can you let us know what's happening exactly? We'll see what we can suggest"", ""similarity"": 0.2504, ""quality"": 0.3472, ""weak_intent"": ""other""}, {""pair_id"": ""1788656"", ""conversation_id"": ""1788655"", ""message"": ""@user I have just got a new laptop and logged into my account. I can’t listen to more than 5 minutes before the streaming is stopped"", ""reply"": ""Hey Adrien, that doesn't sound right! Just to check, are you seeing any specific error message? A screenshot would be super helpful"", ""similarity"": 0.2413, ""quality"": 0.2547, ""weak_intent"": ""account_access""}, {""pair_id"": ""2240439"", ""conversation_id"": ""2240437"", ""message"": ""@user why do i get ads every 10 minutes instead of 30 minutes ?"", ""reply"": ""Hey, that doesn't sound good! Did the app crash at any point during the 30 minutes? That can cause the ad-free time to reset"", ""similarity"": 0.2398, ""quality"": 0.2411, ""weak_intent"": ""product_feedback""}]",,,,,,,,
AUD-011,SPOT-020,holdout,System B,@user can I please get some help,,other,true,Ask the customer to describe the issue including the relevant feature error and device; tell them not to post passwords payment details or other sensitive data publicly,Do not guess the problem; do not claim access to the account; do not ask for a password,Hey! We've already replied to your DM. Let's continue chatting there,"[{""pair_id"": ""979822"", ""conversation_id"": ""979821"", ""message"": ""@user Can i get some help please"", ""reply"": ""Hey! We've already replied to your DM. Let's continue chatting there"", ""similarity"": 1.0, ""quality"": 0.0122, ""weak_intent"": ""other""}]",,,,,,,,
AUD-071,SPOT-108,holdout,System B,@user Missing all together 🤦🏻‍♂️🤦🏻‍♂️🤦🏻‍♂️,"Hey there! That doesn't sound good. Just to check, are your songs removed from download or missing altogether?",playlist_library,true,Confirm that the songs are missing rather than merely not downloaded; ask where they are missing and whether the web player shows them; route account-library review if needed,Claim the songs can be restored; assume they were deleted; request account identifiers publicly,Hey there! We understand - we’re working on it as we speak. Be sure to stay tuned,"[{""pair_id"": ""2414533"", ""conversation_id"": ""2414531"", ""message"": ""@user @user second iOS update and still no iPhone X support 🤦🏻‍♂️"", ""reply"": ""Hey there! We understand - we’re working on it as we speak. Be sure to stay tuned"", ""similarity"": 0.4201, ""quality"": 0.1575, ""weak_intent"": ""device_connectivity""}]",,,,,,,,
AUD-005,SPOT-012,calibration,System B,"@user Hello, I signed up for a new account and my username is a bunch of random letters and numbers. Could you please help me set it to the username I want?",,account_access,true,Explain the difference between an immutable or generated username and an editable display name if applicable; provide the supported self-service option; move any account-specific change or lookup to a secure channel,Do not promise that the login username can be changed; do not claim to have modified the account; do not ask for the password,Hey Luis! Can you DM us your account's email address? We'll take a look backstage /JL,"[{""pair_id"": ""1031952"", ""conversation_id"": ""1031951"", ""message"": ""@user @user I signed up for an account and my username is random letters and numbers. I didn't set my username to that. Any help?"", ""reply"": ""Hey Luis! Can you DM us your account's email address? We'll take a look backstage /JL <historical-link>"", ""similarity"": 0.74, ""quality"": 0.2603, ""weak_intent"": ""account_access""}]",,,,,,,,
AUD-065,SPOT-106,holdout,System B,"@user I've linked my Spotify account to @user in the past, then I've deactivated my Facebook for over a year now, yet every time I try to sign in to Spotify, it re-activates my Facebook again!! I want to unlink my account with Facebook, I've stopped using Spotify!",,account_access,true,Route secure help for unlinking Facebook and changing the sign-in method; advise against posting account identifiers or a Facebook profile publicly; use verified account-linking steps,Claim the accounts are unlinked; ask for email password or profile URL publicly; assert why Facebook reactivates,"Hey Thomas, help's here! Can you send us your email address or username via DM? We'll check under the hood","[{""pair_id"": ""1205906"", ""conversation_id"": ""1205905"", ""message"": ""@user i cant link my spotify account with my facebook spotify account"", ""reply"": ""Hey Thomas, help's here! Can you send us your email address or username via DM? We'll check under the hood"", ""similarity"": 0.4927, ""quality"": 0.4461, ""weak_intent"": ""account_access""}]",,,,,,,,
AUD-069,SPOT-107,calibration,System A,@user Hi can't update payment info with new payment method. Tried canceling account and that didn't work either. HELP!,,billing_subscription,true,Acknowledge both the failed payment-method update and failed cancellation; route secure billing review; warn against posting card or account data,Claim the payment method changed or subscription cancelled; guarantee a refund; request card details publicly,I’m sorry you’re dealing with this. A support specialist should review it securely—please don’t post account or payment details publicly.,"[{""pair_id"": ""1818439"", ""conversation_id"": ""1818438"", ""message"": ""@user help it won’t let me update my payment info for premium"", ""reply"": ""Hey Kat, help's here. Could you DM us your account's email address or username? We'll take a look backstage /AY <historical-link>"", ""similarity"": 0.401, ""quality"": 0.3108, ""weak_intent"": ""billing_subscription""}, {""pair_id"": ""1913537"", ""conversation_id"": ""1913536"", ""message"": ""@user I need help!!! I can't update my payment it won't let me"", ""reply"": ""Hey Paige! Do you get an error message when trying to update? Also, can you DM us your account's email address? We'll take a look /SJ <historical-link>"", ""similarity"": 0.3912, ""quality"": 0.3536, ""weak_intent"": ""billing_subscription""}, {""pair_id"": ""1806995"", ""conversation_id"": ""1806992"", ""message"": ""@user I'm trying to update my payment method and it keeps returning me to student premium. Help!"", ""reply"": ""Hi Eric! Can you try using a different browser or an incognito/private browsing window to see if that helps? Let us know how it goes"", ""similarity"": 0.3702, ""quality"": 0.6167, ""weak_intent"": ""billing_subscription""}]",,,,,,,,
AUD-117,SPOT-189,holdout,System A,@user Spotify is taking out 4.99 out of my account for the student discount. What I didn’t realize is that I had to be in college so I exited out of the webpage. My Spotify still says my subscription is free but I was charged $4.99 yesterday?,,billing_subscription,true,Acknowledge student charge with free status; route secure billing review,Guarantee refund or Premium; request card or account data publicly; blame eligibility,I’m sorry you’re dealing with this. A support specialist should review it securely—please don’t post account or payment details publicly.,"[{""pair_id"": ""1013924"", ""conversation_id"": ""1013923"", ""message"": ""@user my Spotify still says free subscription but I see that money came out of my account yesterday. What's going on??"", ""reply"": ""Hi Patricia! We've just sent you a bit more info over DM. We'll carry on helping out there"", ""similarity"": 0.4332, ""quality"": 0.055, ""weak_intent"": ""billing_subscription""}, {""pair_id"": ""2175438"", ""conversation_id"": ""2175437"", ""message"": ""@user Yesterday I signed up for the student discount. I was charged the 5$ and change but I still don't have premium?"", ""reply"": ""Hey there, we've come to the rescue! Could you DM us your account's username or email address? We'll check backstage /RE <historical-link>"", ""similarity"": 0.3702, ""quality"": 0.5083, ""weak_intent"": ""billing_subscription""}, {""pair_id"": ""1894969"", ""conversation_id"": ""1894968"", ""message"": ""@user I have cancelled my subscription with you a while back but was still charged 9.99 yesterday"", ""reply"": ""Hi there, help's here. Can you fire over your account's email address via DM? We'll check under the hood /NY <historical-link>"", ""similarity"": 0.3704, ""quality"": 0.485, ""weak_intent"": ""billing_subscription""}]",,,,,,,,
AUD-113,SPOT-183,calibration,System B,@user 4.990 atau 49.990?,,billing_subscription,true,Clarify currency country and which price or screen the customer means; offer appropriate language support,Choose one price; assume currency or market; repeat a 2017 price,Hi there! The bundle is only $4.99 for both the student discount and Hulu. More info here:,"[{""pair_id"": ""189827"", ""conversation_id"": ""189827"", ""message"": ""@user Both for 4.99? Or each 4.99?"", ""reply"": ""Hi there! The bundle is only $4.99 for both the student discount and Hulu. More info here: <historical-link>"", ""similarity"": 0.2863, ""quality"": 0.21, ""weak_intent"": ""other""}]",,,,,,,,
AUD-004,SPOT-012,calibration,System C,"@user Hello, I signed up for a new account and my username is a bunch of random letters and numbers. Could you please help me set it to the username I want?",,account_access,true,Explain the difference between an immutable or generated username and an editable display name if applicable; provide the supported self-service option; move any account-specific change or lookup to a secure channel,Do not promise that the login username can be changed; do not claim to have modified the account; do not ask for the password,Thanks for reaching out. A support specialist will take a look.,[],,,,,,,,
AUD-110,SPOT-173,holdout,System B,@user answer em dm's,,other,true,Acknowledge the delayed private message and route follow-up to the existing support conversation,Claim the DM was read or answered; request public account data,We've just sent you a DM 🙂,"[{""pair_id"": ""1752898"", ""conversation_id"": ""1752897"", ""message"": ""@user hi can u answer my DM please"", ""reply"": ""We've just sent you a DM 🙂"", ""similarity"": 0.5318, ""quality"": 0.0, ""weak_intent"": ""other""}]",,,,,,,,
AUD-031,SPOT-046,holdout,System C,@user Not working in Germany,,playback_technical,true,Ask what feature is not working in Germany and for the exact symptom error device app version network and time; check regional service status using verified information,Do not claim a Germany-wide outage or that service is fixed; do not guess a cause; do not give destructive troubleshooting without a symptom,Thanks for reaching out. A support specialist will take a look.,[],,,,,,,,
AUD-054,SPOT-091,holdout,System A,@user how i'm gonna pay to subscribe premium if i don't have any credit card or molpoint?,,billing_subscription,true,Explain that payment options depend on country and current plan terms; direct them to the official payment-method page or secure support; do not request financial data publicly,Claim an unverified method is accepted; ask for card or wallet details publicly; promise subscription activation,I’m sorry you’re dealing with this. A support specialist should review it securely—please don’t post account or payment details publicly.,"[{""pair_id"": ""2165586"", ""conversation_id"": ""2165583"", ""message"": ""@user Im a premium subscriber"", ""reply"": ""Sorry to hear that! Check out the steps under “Downloads unexpectedly removed” at <historical-link> They should help with this"", ""similarity"": 0.3963, ""quality"": 0.425, ""weak_intent"": ""billing_subscription""}, {""pair_id"": ""1998319"", ""conversation_id"": ""1998318"", ""message"": ""@user why do we have to have a credit card😥😢😰"", ""reply"": ""Hey Christian! We also accept e-gift cards as well as PayPal to pay for your Premium subscription. Any questions, give us a shout"", ""similarity"": 0.4048, ""quality"": 0.2508, ""weak_intent"": ""billing_subscription""}, {""pair_id"": ""1427229"", ""conversation_id"": ""1427227"", ""message"": ""@user can i subscribe to premium for student with my debit card?"", ""reply"": ""Hey Fika, help's here! Can you DM us your account's email address? We'll check backstage /MO <historical-link>"", ""similarity"": 0.3634, ""quality"": 0.4539, ""weak_intent"": ""billing_subscription""}]",,,,,,,,
AUD-043,SPOT-071,holdout,System C,@user Bring Jay-Z back,,content_catalog,false,Acknowledge the request for Jay-Z; explain that catalog availability can change; point to official catalog information or request channels,Promise Jay-Z will return; give a return date; state a specific licensing dispute as fact,Thanks for reaching out. A support specialist will take a look.,[],,,,,,,,
AUD-001,SPOT-008,holdout,System C,@user I used my sim btw,,other,true,State that the current message lacks the earlier issue; ask the customer to restate what they used the SIM for and what happened; continue privately if it concerns an account or phone number,Do not assume the SIM solved or caused the issue; do not claim an account was reviewed; do not request phone or account secrets publicly,Thanks for reaching out. A support specialist will take a look.,[],,,,,,,,
AUD-119,SPOT-193,holdout,System B,@user Thank you SPOTIFY!!!! I love you!,,other,false,Reply with a concise appreciative acknowledgement,Open troubleshooting; request account details; claim a support action,"Hey! We’d love to have all of their stuff available, but we have some info about content here:","[{""pair_id"": ""934491"", ""conversation_id"": ""934490"", ""message"": ""@user @user @user i need got7 on spotify!!!"", ""reply"": ""Hey! We’d love to have all of their stuff available, but we have some info about content here: <historical-link>"", ""similarity"": 0.4972, ""quality"": 0.3978, ""weak_intent"": ""other""}]",,,,,,,,
AUD-027,SPOT-041,holdout,System A,"@user um, my account has been disabled and i didnt do anything wrong. What's up with that?",,account_access,true,Acknowledge that the account appears disabled without presuming wrongdoing; move the case to secure human review for identity and status verification; explain what non-sensitive information may be needed privately,Do not promise reactivation; do not accuse the customer or disclose an unverified reason; do not ask for the password,I’m sorry you’re dealing with this. A support specialist should review it securely—please don’t post account or payment details publicly.,"[{""pair_id"": ""2644023"", ""conversation_id"": ""2644022"", ""message"": ""@user my account has been disabled and I have been trying all day to access it. What do I do?"", ""reply"": ""Hey! We've just sent a DM your way. Let's carry on chatting there"", ""similarity"": 0.4479, ""quality"": 0.0064, ""weak_intent"": ""account_access""}, {""pair_id"": ""2118854"", ""conversation_id"": ""2118853"", ""message"": ""@user my account has been disabled I need help getting it back."", ""reply"": ""Hi there! Can you DM us your account's email address or username? We'll take a look backstage /NQ <historical-link>"", ""similarity"": 0.4244, ""quality"": 0.2836, ""weak_intent"": ""account_access""}, {""pair_id"": ""2441004"", ""conversation_id"": ""2441003"", ""message"": ""@user my account has been disabled after something went wrong with the payment, can you fix this please?"", ""reply"": ""Hey Christopher, help's here! Can you DM us your account's email address and username? We'll take a look backstage /CG <historical-link>"", ""similarity"": 0.4352, ""quality"": 0.3244, ""weak_intent"": ""billing_subscription""}]",,,,,,,,
AUD-013,SPOT-028,holdout,System C,"@user Hi, I recently purchased a new Samsung gear S3 frontier and the Spotify app doesn't let me log in. It says log in failed but I use the same login on my PC and it works. Help!!",,account_access,true,Acknowledge that the credentials work on the PC but fail on the Gear S3; verify the watch app version and supported login method; move any account lookup or reset to secure support,Do not ask for the password; do not claim the credentials are wrong or the account is locked; do not promise a reset,Thanks for reaching out. A support specialist will take a look.,[],,,,,,,,
AUD-077,SPOT-120,holdout,System B,.@user - Changed my CC today (nov 29) & it says everything is good for Dec 29. Does that mean I will not have my subscription until then? I need music everyday - we are a restaurant.,,billing_subscription,true,Route secure verification of current subscription status renewal date and card update; explain only verified date semantics; avoid giving commercial-use approval,Guarantee uninterrupted service; state the card update succeeded; say a personal subscription authorizes restaurant playback; request payment details publicly,Hey Corey! Can you DM us your account's email address and username? We'll take a look backstage /SU,"[{""pair_id"": ""780385"", ""conversation_id"": ""780384"", ""message"": ""@user I cancelled my subscription at the end of sept and was charged today for my subscription."", ""reply"": ""Hey Corey! Can you DM us your account's email address and username? We'll take a look backstage /SU <historical-link>"", ""similarity"": 0.2768, ""quality"": 0.2875, ""weak_intent"": ""billing_subscription""}]",,,,,,,,
AUD-052,SPOT-091,holdout,System C,@user how i'm gonna pay to subscribe premium if i don't have any credit card or molpoint?,,billing_subscription,true,Explain that payment options depend on country and current plan terms; direct them to the official payment-method page or secure support; do not request financial data publicly,Claim an unverified method is accepted; ask for card or wallet details publicly; promise subscription activation,Thanks for reaching out. A support specialist will take a look.,[],,,,,,,,
AUD-020,SPOT-038,holdout,System B,Hey @user.. I’ve been trying to update my payment for my premium account but every time I hit continue the loading wheel just spins endlessly. Help me out here..,,billing_subscription,true,Acknowledge that the payment-update page spins after Continue; suggest a different browser or private window and basic browser checks; if it persists move the account and payment review to a private secure channel,Do not claim the payment method was updated or charged; do not ask for full card details or a password; do not guarantee the browser step will work,"Hey Kelli, help's arrived! We've just replied to your DM. Let's carry on chatting there","[{""pair_id"": ""2312370"", ""conversation_id"": ""2312369"", ""message"": ""@user Help @user I am trying to update my payment method for my premium subscription but it’s not going through the wheel just keeps spinning I have been trying for four days...."", ""reply"": ""Hey Kelli, help's arrived! We've just replied to your DM. Let's carry on chatting there"", ""similarity"": 0.3624, ""quality"": 0.0492, ""weak_intent"": ""billing_subscription""}]",,,,,,,,
AUD-045,SPOT-071,holdout,System A,@user Bring Jay-Z back,,content_catalog,false,Acknowledge the request for Jay-Z; explain that catalog availability can change; point to official catalog information or request channels,Promise Jay-Z will return; give a return date; state a specific licensing dispute as fact,"Thanks for flagging this. I don’t have enough verified context to resolve it safely here, so I’m escalating it to a support specialist.","[{""pair_id"": ""1929723"", ""conversation_id"": ""1929722"", ""message"": ""@user get 100$bill by Jay-Z on Spotify"", ""reply"": ""Hey! We can confirm that some of Jay Z's catalog has been removed at the request of the artist, but we'll pass on your feedback"", ""similarity"": 0.6305, ""quality"": 0.2469, ""weak_intent"": ""other""}, {""pair_id"": ""840735"", ""conversation_id"": ""840734"", ""message"": ""bring it back 😐 @user <URL>"", ""reply"": ""Hey there! We have more info about this here: <historical-link> Give us a shout if you have any questions"", ""similarity"": 0.4663, ""quality"": 0.2042, ""weak_intent"": ""other""}, {""pair_id"": ""2448561"", ""conversation_id"": ""2448560"", ""message"": ""Bring it back pls @user <URL>"", ""reply"": ""Hey! We don't have any info on this right now, but we'll let the right team know it's something you'd like to see again"", ""similarity"": 0.4432, ""quality"": 0.2314, ""weak_intent"": ""other""}]",,,,,,,,
AUD-087,SPOT-138,holdout,System A,"@user I have read on the <URL> website that they are offering a $0.99 a month introductory rate for the first three months.I cant find any equivalent in GB £ sterling for people in the UK. Does the offer exist to us, How much is it in pounds? thanks",,billing_subscription,true,Acknowledge the UK promotion and GBP-price question; verify current regional eligibility and price through an official source or billing specialist; advise against sharing payment details publicly,Do not quote a 2017 price or say the offer is available; do not claim the account or promotion was checked,"Thanks for flagging this. I don’t have enough verified context to resolve it safely here, so I’m escalating it to a support specialist.","[{""pair_id"": ""2344108"", ""conversation_id"": ""2344106"", ""message"": ""Yo @user hmu with that three months for $0.99"", ""reply"": ""Hi! The Intro Offer isn't available right now. Don't worry, you can check out other offers at <historical-link> Hope this helps"", ""similarity"": 0.3215, ""quality"": 0.6069, ""weak_intent"": ""other""}, {""pair_id"": ""2050843"", ""conversation_id"": ""2050842"", ""message"": ""@user hi, a while back you offered Spotify Premium for $0.99 for three months. Will you be doing that again?"", ""reply"": ""Hi there! We’re always offering deals for discounted or even free Premium. You can check out more info here: <historical-link>"", ""similarity"": 0.323, ""quality"": 0.425, ""weak_intent"": ""billing_subscription""}, {""pair_id"": ""2363320"", ""conversation_id"": ""2363318"", ""message"": ""@user Pass a P45 or whatever the equivalent is onto them and hire folks that can get a damn update out on time #raging"", ""reply"": ""Rest assured that our devs are already looking into this. We'll keep everyone posted once we have updates"", ""similarity"": 0.2292, ""quality"": 0.2042, ""weak_intent"": ""product_feedback""}]",,,,,,,,
AUD-044,SPOT-071,holdout,System B,@user Bring Jay-Z back,,content_catalog,false,Acknowledge the request for Jay-Z; explain that catalog availability can change; point to official catalog information or request channels,Promise Jay-Z will return; give a return date; state a specific licensing dispute as fact,"Hey! We can confirm that some of Jay Z's catalog has been removed at the request of the artist, but we'll pass on your feedback","[{""pair_id"": ""1929723"", ""conversation_id"": ""1929722"", ""message"": ""@user get 100$bill by Jay-Z on Spotify"", ""reply"": ""Hey! We can confirm that some of Jay Z's catalog has been removed at the request of the artist, but we'll pass on your feedback"", ""similarity"": 0.6305, ""quality"": 0.2469, ""weak_intent"": ""other""}]",,,,,,,,
AUD-084,SPOT-135,holdout,System A,@user hi. Every time I open the Spotify app on my iPad it redownloads all my songs again. Is there a way to fix this?,,playback_technical,false,"Acknowledge that downloads are repeatedly fetched again; offer current iPad download and offline troubleshooting; ask for app version, iPadOS version, and available storage if it continues",Do not claim a known cause or guaranteed fix; do not reuse the historical link as current without verification,"Sorry about the playback trouble. Which device, operating system, and app version are you using, and does it also happen on another network?","[{""pair_id"": ""1467033"", ""conversation_id"": ""1467032"", ""message"": ""@user I get this problem from time to time. I need to redownload all the songs that I've already downloaded months ago. ?? #Spotify"", ""reply"": ""1: Hey John, sorry to hear that! Check out the steps under “Downloads unexpectedly removed”... 2: at <historical-link> They should help with this"", ""similarity"": 0.366, ""quality"": 0.4736, ""weak_intent"": ""playback_technical""}, {""pair_id"": ""1783080"", ""conversation_id"": ""1783079"", ""message"": ""@user if I have to redownload all my songs again I’m going to move to @user consider this a warning!"", ""reply"": ""Hey! Sorry to hear that. Can you DM us your account's username or email address? We'll take a look under the hood /JS <historical-link>"", ""similarity"": 0.3367, ""quality"": 0.3225, ""weak_intent"": ""playback_technical""}, {""pair_id"": ""1894265"", ""conversation_id"": ""1894264"", ""message"": ""@user Redownload 1000+ songs every fortnight & I don't want to use up all my data on music while I'm paying for the perk of downloads."", ""reply"": ""Hey! Sorry to hear that. Check out the steps under “Downloads unexpectedly removed” at <historical-link>"", ""similarity"": 0.3322, ""quality"": 0.3822, ""weak_intent"": ""playback_technical""}]",,,,,,,,
AUD-094,SPOT-163,holdout,System C,"@user - Some lovely human hacked my account and changed my login credentials. Luckily this morning I had an antiquated circle called a cd, but I won’t last long without infinite variety. Help! #hacked #spotify #help",,account_access,true,Prioritize secure compromised-account recovery and advise against posting credentials,Ask for password or email publicly; claim access was restored; minimize compromise,Thanks for reaching out. A support specialist will take a look.,[],,,,,,,,
AUD-074,SPOT-112,calibration,System B,@user I was wondering what are the chances of Spotify adding King Crimson’s discography/studio albums.,,content_catalog,false,Acknowledge the request for King Crimson albums; explain catalog availability can change; direct them to official availability information or request channels,Promise the discography will be added; give odds or a date; state a specific rights issue as fact,We'd love to have them on Spotify! Hopefully we will in the future. Check this out:,"[{""pair_id"": ""853092"", ""conversation_id"": ""853087"", ""message"": ""Why is King Crimson not on Spotify come on man @user"", ""reply"": ""We'd love to have them on Spotify! Hopefully we will in the future. Check this out: <historical-link>"", ""similarity"": 0.4086, ""quality"": 0.3764, ""weak_intent"": ""other""}]",,,,,,,,
AUD-106,SPOT-171,holdout,System C,I.CANT.REGISTER!!! 😭 @user <URL>,,account_access,true,Acknowledge registration failure and route account setup help; ask only for non-sensitive error text or screenshot,Ask for password or email publicly; claim registration succeeded,Thanks for reaching out. A support specialist will take a look.,[],,,,,,,,
AUD-037,SPOT-061,holdout,System C,"@user I've got the ""Get a year of Premium"" offer splash screen on my iOs app, but there wasn't any CTA to apply just a button to open a webpage... and there is no button, link or anything... How can I apply?!?! 🧐🤨 #Spotify #SpotifyPremium",,billing_subscription,true,Acknowledge that the annual Premium offer appeared but has no usable call to action; direct the customer to the verified offer page and eligibility terms and suggest a browser check; route account-specific eligibility to secure support,Do not guarantee eligibility or claim the offer was applied; do not ask for payment details or a password publicly; do not invent a link or deadline,Thanks for reaching out. A support specialist will take a look.,[],,,,,,,,
AUD-092,SPOT-157,holdout,System B,Problems again @user @user still not allowing Paypal subscription keeps looping back to payment screen,,billing_subscription,true,Acknowledge repeated PayPal checkout loop; route billing diagnostics and ask for non-sensitive error details,Ask for PayPal credentials; promise a successful charge; repeat the same failed step,"Hi there. We're sorry you feel that way. We appreciate your feedback, and we'll be sure to pass this on the right folks","[{""pair_id"": ""2878168"", ""conversation_id"": ""2878166"", ""message"": ""@user Still waiting for PayPal payment option on the student subscription. Way to go Spotify :eyeroll:"", ""reply"": ""Hi there. We're sorry you feel that way. We appreciate your feedback, and we'll be sure to pass this on the right folks"", ""similarity"": 0.457, ""quality"": 0.2314, ""weak_intent"": ""billing_subscription""}]",,,,,,,,
AUD-066,SPOT-106,holdout,System A,"@user I've linked my Spotify account to @user in the past, then I've deactivated my Facebook for over a year now, yet every time I try to sign in to Spotify, it re-activates my Facebook again!! I want to unlink my account with Facebook, I've stopped using Spotify!",,account_access,true,Route secure help for unlinking Facebook and changing the sign-in method; advise against posting account identifiers or a Facebook profile publicly; use verified account-linking steps,Claim the accounts are unlinked; ask for email password or profile URL publicly; assert why Facebook reactivates,I’m sorry you’re dealing with this. A support specialist should review it securely—please don’t post account or payment details publicly.,"[{""pair_id"": ""1205906"", ""conversation_id"": ""1205905"", ""message"": ""@user i cant link my spotify account with my facebook spotify account"", ""reply"": ""Hey Thomas, help's here! Can you send us your email address or username via DM? We'll check under the hood"", ""similarity"": 0.4927, ""quality"": 0.4461, ""weak_intent"": ""account_access""}, {""pair_id"": ""12095"", ""conversation_id"": ""12095"", ""message"": ""@user Help! I need to delete my Facebook linked account . I log in and it reactivates my Facebook 🤦🏽‍♀️"", ""reply"": ""Hey Lydia! Can you DM us your account's email address or username? We'll take a look /NS <historical-link>"", ""similarity"": 0.4867, ""quality"": 0.2661, ""weak_intent"": ""account_access""}, {""pair_id"": ""2297987"", ""conversation_id"": ""2297986"", ""message"": ""How do I open my Spotify if I deactivate my Facebook? @user"", ""reply"": ""Hey there! Can you send over your account's email address? We'll see what we can suggest"", ""similarity"": 0.4473, ""quality"": 0.3511, ""weak_intent"": ""account_access""}]",,,,,,,,
AUD-036,SPOT-047,holdout,System A,@user I WAS CHARGED THRICE FOR THE PREMIUM I CANT EVEN SUBSCRIBE 🤦‍♂️,,billing_subscription,true,Acknowledge the three charges and failed subscription; immediately route to secure billing review; request transaction or receipt identifiers only in private and remind the customer not to post financial details,Do not promise a refund or Premium activation; do not say the charges are valid; do not ask for a full card number security code or password,I’m sorry you’re dealing with this. A support specialist should review it securely—please don’t post account or payment details publicly.,"[{""pair_id"": ""1382280"", ""conversation_id"": ""1382279"", ""message"": ""@user HELP! my account was charged for premium yet my account info says I'm a free subscriber, I want to stay a premium subscriber"", ""reply"": ""Hey! Can you DM us your account's email address? We'll see what we can suggest /CB <historical-link>"", ""similarity"": 0.4386, ""quality"": 0.2544, ""weak_intent"": ""billing_subscription""}, {""pair_id"": ""2165586"", ""conversation_id"": ""2165583"", ""message"": ""@user Im a premium subscriber"", ""reply"": ""Sorry to hear that! Check out the steps under “Downloads unexpectedly removed” at <historical-link> They should help with this"", ""similarity"": 0.4249, ""quality"": 0.425, ""weak_intent"": ""billing_subscription""}, {""pair_id"": ""2310587"", ""conversation_id"": ""2310586"", ""message"": ""@user I was charged $4.99 when I'm not even subscribed."", ""reply"": ""Hey! We've just replied to your DM. Let's carry on chatting there"", ""similarity"": 0.4236, ""quality"": 0.0064, ""weak_intent"": ""billing_subscription""}]",,,,,,,,
AUD-060,SPOT-096,holdout,System A,@user No on the shuffle of the band,"Hey there! We hear you. Just to check, did this song appear at the end of your playlist?",playlist_library,true,Clarify what no refers to and where the unexpected song appeared; ask for the playlist or artist context and device details needed to reproduce the shuffle behavior,Assume the cause of the shuffle; claim an account fix; state that the behavior is expected without understanding it,"Thanks for flagging this. I don’t have enough verified context to resolve it safely here, so I’m escalating it to a support specialist.","[{""pair_id"": ""257219"", ""conversation_id"": ""257218"", ""message"": ""fix your shuffle button @user"", ""reply"": ""Hey there! This doesn't sound good. What issues are you having and on what device? We'll see what we can suggest 🙂"", ""similarity"": 0.5245, ""quality"": 0.4017, ""weak_intent"": ""playlist_library""}, {""pair_id"": ""1944537"", ""conversation_id"": ""1944536"", ""message"": ""Why is shuffle on @user so awful?"", ""reply"": ""Hey! We’ve recently made some improvements to our shuffle algorithm. We’d love to hear your feedback here: <historical-link>"", ""similarity"": 0.5274, ""quality"": 0.2411, ""weak_intent"": ""playlist_library""}, {""pair_id"": ""2349653"", ""conversation_id"": ""2349652"", ""message"": ""@user Is there a way to shuffle all artists?"", ""reply"": ""1: Hey Tony! We're afraid shuffling while listening to Your Music under the Artist category will only shuffle the music of that artist 2: You can always shuffle the songs in Your Library or specific playlists to listen to different artists"", ""similarity"": 0.4862, ""quality"": 0.35, ""weak_intent"": ""playlist_library""}]",,,,,,,,
AUD-090,SPOT-147,calibration,System A,@user no it works fine on my MacBook Air and on iPhone,That's odd. Is this also happening on a different device? Keep us in the loop,other,true,Acknowledge that the issue does not occur on the MacBook Air or iPhone; ask which device fails and what behavior or error appears there,Do not assume the failing device or underlying problem; do not claim an account investigation occurred,"Thanks for flagging this. I don’t have enough verified context to resolve it safely here, so I’m escalating it to a support specialist.","[{""pair_id"": ""55248"", ""conversation_id"": ""55246"", ""message"": ""@user Hi guys, I’m using my MacBook Air and also my iPhone 6 SE. Thanks :)"", ""reply"": ""Thanks! Does logging out > restarting the device > logging back in help? Keep us posted"", ""similarity"": 0.5815, ""quality"": 0.3492, ""weak_intent"": ""other""}, {""pair_id"": ""773104"", ""conversation_id"": ""773103"", ""message"": ""@user MacBook Air, Chrome and I’m using the web player."", ""reply"": ""1: Thanks! We're afraid it isn't possible on the web player. But you can download the desktop app at <historical-link> and... 2: sort your playlists by following the steps here: <historical-link> Let us know how it goes"", ""similarity"": 0.3854, ""quality"": 0.53, ""weak_intent"": ""playback_technical""}, {""pair_id"": ""2337102"", ""conversation_id"": ""2337096"", ""message"": ""@user no, didn't make a difference in my phone or the MacBook"", ""reply"": ""Could you DM us your account's email address or username? We'll check things backstage /KM <historical-link>"", ""similarity"": 0.3818, ""quality"": 0.45, ""weak_intent"": ""other""}]",,,,,,,,
AUD-120,SPOT-193,holdout,System A,@user Thank you SPOTIFY!!!! I love you!,,other,false,Reply with a concise appreciative acknowledgement,Open troubleshooting; request account details; claim a support action,"Thanks for flagging this. I don’t have enough verified context to resolve it safely here, so I’m escalating it to a support specialist.","[{""pair_id"": ""934491"", ""conversation_id"": ""934490"", ""message"": ""@user @user @user i need got7 on spotify!!!"", ""reply"": ""Hey! We’d love to have all of their stuff available, but we have some info about content here: <historical-link>"", ""similarity"": 0.4972, ""quality"": 0.3978, ""weak_intent"": ""other""}, {""pair_id"": ""2215888"", ""conversation_id"": ""2215883"", ""message"": ""@user Thank You"", ""reply"": ""1: No worries! To import your iTunes library, you'll need to open iTunes > go to Preferences > select Advanced > select Share iTunes... 2: Library XML with other applications > pick your device above to import the files to Spotify"", ""similarity"": 0.3909, ""quality"": 0.71, ""weak_intent"": ""other""}, {""pair_id"": ""726432"", ""conversation_id"": ""726431"", ""message"": ""@user Oops. Thank you!"", ""reply"": ""No worries! Just let us know if we can help with anything else. <historical-link>"", ""similarity"": 0.3552, ""quality"": 0.1575, ""weak_intent"": ""other""}]",,,,,,,,
AUD-068,SPOT-107,calibration,System B,@user Hi can't update payment info with new payment method. Tried canceling account and that didn't work either. HELP!,,billing_subscription,true,Acknowledge both the failed payment-method update and failed cancellation; route secure billing review; warn against posting card or account data,Claim the payment method changed or subscription cancelled; guarantee a refund; request card details publicly,"Hey Kat, help's here. Could you DM us your account's email address or username? We'll take a look backstage /AY","[{""pair_id"": ""1818439"", ""conversation_id"": ""1818438"", ""message"": ""@user help it won’t let me update my payment info for premium"", ""reply"": ""Hey Kat, help's here. Could you DM us your account's email address or username? We'll take a look backstage /AY <historical-link>"", ""similarity"": 0.401, ""quality"": 0.3108, ""weak_intent"": ""billing_subscription""}]",,,,,,,,
AUD-022,SPOT-039,calibration,System C,@user is down 😫,,playback_technical,false,Acknowledge the apparent outage; refer only to verified current service status; ask whether it is still happening and collect region device and symptom details if so,Do not confirm a broad outage or say it is resolved without verification; do not invent a cause,Thanks for reaching out. A support specialist will take a look.,[],,,,,,,,
AUD-038,SPOT-061,holdout,System B,"@user I've got the ""Get a year of Premium"" offer splash screen on my iOs app, but there wasn't any CTA to apply just a button to open a webpage... and there is no button, link or anything... How can I apply?!?! 🧐🤨 #Spotify #SpotifyPremium",,billing_subscription,true,Acknowledge that the annual Premium offer appeared but has no usable call to action; direct the customer to the verified offer page and eligibility terms and suggest a browser check; route account-specific eligibility to secure support,Do not guarantee eligibility or claim the offer was applied; do not ask for payment details or a password publicly; do not invent a link or deadline,"Hi Rachel, help has arrived. Can you DM us all accounts' (yours and your family members') email addresses or usernames? /ME","[{""pair_id"": ""1780063"", ""conversation_id"": ""1780062"", ""message"": ""Why can't I add family member to my Spotify premium account???? #frustrated #spotify #spotifypremium @user"", ""reply"": ""Hi Rachel, help has arrived. Can you DM us all accounts' (yours and your family members') email addresses or usernames? /ME <historical-link>"", ""similarity"": 0.2694, ""quality"": 0.3342, ""weak_intent"": ""account_access""}]",,,,,,,,
AUD-116,SPOT-189,holdout,System B,@user Spotify is taking out 4.99 out of my account for the student discount. What I didn’t realize is that I had to be in college so I exited out of the webpage. My Spotify still says my subscription is free but I was charged $4.99 yesterday?,,billing_subscription,true,Acknowledge student charge with free status; route secure billing review,Guarantee refund or Premium; request card or account data publicly; blame eligibility,Hi Patricia! We've just sent you a bit more info over DM. We'll carry on helping out there,"[{""pair_id"": ""1013924"", ""conversation_id"": ""1013923"", ""message"": ""@user my Spotify still says free subscription but I see that money came out of my account yesterday. What's going on??"", ""reply"": ""Hi Patricia! We've just sent you a bit more info over DM. We'll carry on helping out there"", ""similarity"": 0.4332, ""quality"": 0.055, ""weak_intent"": ""billing_subscription""}]",,,,,,,,
AUD-103,SPOT-168,holdout,System C,"@user Do you really? Why is there no Disconnect from Facebook button, why do we need to 'log a ticket'. Good luck with GDPR.",,account_access,true,Acknowledge the Facebook-disconnect and GDPR concern; route privacy-policy review through a secure official channel,Dismiss GDPR; claim compliance; ask for account data publicly; quote a stale disconnect policy,Thanks for reaching out. A support specialist will take a look.,[],,,,,,,,
AUD-014,SPOT-028,holdout,System B,"@user Hi, I recently purchased a new Samsung gear S3 frontier and the Spotify app doesn't let me log in. It says log in failed but I use the same login on my PC and it works. Help!!",,account_access,true,Acknowledge that the credentials work on the PC but fail on the Gear S3; verify the watch app version and supported login method; move any account lookup or reset to secure support,Do not ask for the password; do not claim the credentials are wrong or the account is locked; do not promise a reset,"Hey, help's here. Can you let us know your account's email address via DM? We'll take a look backstage /NY","[{""pair_id"": ""2023365"", ""conversation_id"": ""2023364"", ""message"": ""@user I had recently purchased spotify premium and had not received it"", ""reply"": ""Hey, help's here. Can you let us know your account's email address via DM? We'll take a look backstage /NY <historical-link>"", ""similarity"": 0.374, ""quality"": 0.3011, ""weak_intent"": ""billing_subscription""}]",,,,,,,,
